,Strategy_60d,Strategy_120d,Strategy_180d,Strategy_252d,SPY_BuyHold,Portfolio_60_40,EqualWeight_ETFs
2006-02-28,-0.02479860052294117,-0.02479860052294117,-0.02479860052294117,-0.02479860052294117,0.0057264133263454,0.00302131376307168,-0.00738642483969884
2006-03-31,0.029097775058169767,0.029097775058169767,0.029097775058169767,0.029097775058169767,0.0165031836439752,0.00447073913219844,0.015644139772852617
2006-04-28,0.0485516663033252,0.09520205989466231,0.09520205989466231,0.09520205989466231,0.0126322876095745,0.0050705047010560595,0.026665097508706527
2006-05-31,-0.030326720851898654,-0.06302986242478731,-0.06302986242478731,-0.06302986242478731,-0.0301208526680604,-0.018499513953653037,-0.04064739496480268
2006-06-30,-0.017015484996183695,-0.017015484996183695,-0.017015484996183695,-0.02278652993066224,0.0026080104745174,0.0024833371232412,-0.0036912334635653007
2006-07-31,0.01702722119203916,0.01702722119203916,0.02763273648501003,0.02763273648501003,0.0044782874356517,0.009395875110759141,0.004285452750214301
2006-08-31,0.018588668701594452,0.00884562987685492,-0.0012097435032194636,-0.0012097435032194636,0.0218222713095574,0.02014775508770508,0.021906285709398753
2006-09-29,-0.00173017945785447,-0.018024612869135422,-0.018024612869135422,-0.029460433549588723,0.0270013081440587,0.021030929485299818,0.007409736341100026
2006-10-31,0.0190354672023422,0.006535824280282071,0.02797082107195356,0.02797082107195356,0.0315168649695571,0.02106436067042934,0.03407698195434859
2006-11-30,0.02940129898799352,0.021458768832252898,0.04320784839960098,0.06422094168166377,0.0198860149237964,0.01717730044533624,0.03424654821664305
2006-12-29,0.011838678515789456,0.039628418959520746,0.016094346510432955,0.02001598257996455,0.0133708049341196,0.002919753489142078,0.003355444824264611
2007-01-31,0.013393199439063492,0.012336258273375084,0.009366423549124944,0.009366423549124944,0.0150400776036649,0.00742263079215714,0.009973066958712723
2007-02-28,-0.012020012830474575,-0.023138355259469563,-0.02331983494647167,-0.012020012830474575,-0.0196173279263108,-0.003549923852121519,0.000418315368565425
2007-03-30,0.012821756362472032,0.03708069553495832,0.03708069553495832,0.012821756362472032,0.0115886684126744,0.0064002655173036795,0.009932910763276001
2007-04-30,0.02952290214713702,0.027155964399767252,0.03739894209971659,0.03739894209971659,0.0442962957099215,0.029003859829958182,0.028343080887482774
2007-05-31,0.02773694713442243,0.033844346062553134,0.038433562958454646,0.033844346062553134,0.0339197944927209,0.014777589942763939,0.015410168669810223
2007-06-29,0.012238137244023065,0.012238137244023065,0.012238137244023065,0.012238137244023065,-0.0146204006308274,-0.010642556586589559,-0.003103022258952838
2007-07-31,0.0017821275955111275,-0.011099522808570858,-0.011099522808570858,-0.011099522808570858,-0.0313108241891813,-0.009758824566765538,-0.004887310945099274
2007-08-31,0.022033739699191635,0.022033739699191635,-1.2471004081885103e-05,0.022033739699191635,0.0128328162285,0.01675173987469448,0.014746801415128838
2007-09-28,0.027793153264705373,0.07450983434468608,0.07450983434468608,0.07450983434468608,0.0387146956428403,0.02358186952690614,0.048419382472896906
2007-10-31,0.08320098393359113,0.08740252878402632,0.08320098393359113,0.08740252878402632,0.0135661272447376,0.012447217225847521,0.046514024806349245
2007-11-30,-0.035502436028454556,-0.035502436028454556,-0.07086206915221752,-0.035502436028454556,-0.0387321319534252,-0.007048612575686959,-0.02631158350844
2007-12-31,0.039402157594146114,0.039402157594146114,-0.005499999537646689,0.039402157594146114,-0.0112608777948196,-0.006554624357647359,-0.00019980852091133804
2008-01-31,0.05245056444752359,0.05245056444752359,0.041488421497235035,0.041488421497235035,-0.0604607347652869,-0.022852508972605698,-0.0311833191447209
2008-02-29,0.023315859065878013,0.016927165651829033,0.023315859065878013,0.023315859065878013,-0.0258425520498402,-0.0105485585969158,-0.004202126122314649
2008-03-31,-0.010017183571384489,-0.010017183571384489,-0.010017183571384489,-0.010017183571384489,-0.0089429698070765,-1.6175123794978825e-05,-0.006931112562012074
2008-04-30,-0.029436912483929895,-0.029436912483929895,-0.03163681385077192,-0.029436912483929895,0.0476627324776939,0.018927618347309536,0.028520859729662437
2008-05-30,-0.007214774896622477,-0.010132113346073657,0.018369538351718655,0.018369538351718655,0.015116267567276,0.001959730550379799,0.0160386476298558
2008-06-30,-0.08569464872740708,0.020165209795940532,-0.015375022381597988,-0.015375022381597988,-0.0835755000895542,-0.045561233436430794,-0.044048471174285
2008-07-31,-0.006992624288060446,0.002076665979069792,0.002076665979069792,-0.006992624288060446,-0.0089857539406953,-0.0025091675084157,-0.008123378884855799
2008-08-29,-0.012024109789079446,0.02030587576714534,-0.012575334433268042,-0.012575334433268042,0.0154535507217143,0.015378489021452781,-0.011270929079760026
2008-09-30,0.00514461926171693,-0.012869646963909189,0.00514461926171693,0.00514461926171693,-0.0941738850366523,-0.05706545055518422,-0.066768953061878
2008-10-31,-0.012350317951184756,-0.012350317951184756,-0.012350317951184756,-0.012350317951184756,-0.1651862683128196,-0.10256320263306011,-0.14777778914294615
2008-11-28,0.10235748889315238,0.10235748889315238,0.10235748889315238,0.10235748889315238,-0.0696064991037497,-0.01074862313199746,-0.014755105179019203
2008-12-31,0.08154983703118526,0.08154983703118526,0.08154983703118526,0.08154983703118526,0.0097959030657441,0.0265022916070683,0.06725716969036641
2009-01-30,-0.06968121903362337,-0.06968121903362337,-0.06968121903362337,-0.06968121903362337,-0.0821142530756886,-0.06481736994825729,-0.0682616875195075
2009-02-27,-0.002679969589224997,-0.009771876040909887,-0.009771876040909887,-0.009771876040909887,-0.1074489108779311,-0.06740878802855442,-0.05683846240877075
2009-03-31,0.01724661443958237,0.010572265868288692,0.035406768106361224,0.035406768106361224,0.0833107517653204,0.06324099013465896,0.0706038518468153
2009-04-30,-0.029177145083645897,-0.041588355826183185,-0.041588355826183185,-0.041588355826183185,0.0993464350313784,0.04862721251262987,0.06553482039755287
2009-05-29,0.08343156807418772,0.12042643905686815,0.018472534993073025,0.018472534993073025,0.0584528535727977,0.026762432431607613,0.057558679563003916
2009-06-30,-0.017871130248863186,0.008401572323688407,-0.04283179413321296,-0.019330124130375465,-0.0006544530382496,-0.0026209936125743596,-0.004971714440042987
2009-07-31,0.10471444667976026,0.09413492713307259,0.09413492713307259,0.05040341435185196,0.0746060097175407,0.048089930266603576,0.06239234619767997
2009-08-31,0.01892927449020157,0.01892927449020157,0.0037423187278463966,0.006519050075185894,0.0369393990176993,0.0252175714620647,0.017918597317530326
2009-09-30,0.03658575770985314,0.06579941697458311,0.0744463231171566,0.07203488267836297,0.0354567614970122,0.025771639511380118,0.04770724760398891
2009-10-30,-0.05116073313775475,-0.02913619758473934,-0.03204686054143059,0.011997316401125453,-0.0192253452327272,-0.012086916021530161,-0.020581596899262686
2009-11-30,0.09172739883155279,0.06932167288309606,0.056458825306799174,0.11060447269834095,0.061607153698914,0.045032702779018635,0.05427815751542211
2009-12-31,-0.03592675551054351,-0.03592675551054351,0.018253153261429067,0.04483853745091364,0.0191010925630776,-0.0061505484142570024,0.0013390206566405386
2010-01-29,-0.06929567863625329,-0.06929567863625329,-0.06228493373859233,-0.06929567863625329,-0.0363427982215408,-0.012324862920095079,-0.028569496252716386
2010-02-26,0.045462625200832274,0.04009745644706579,0.034371316380251496,0.034371316380251496,0.0311950584088267,0.020044574667240862,0.021882481975714983
2010-03-31,0.07958840995803695,0.07958840995803695,0.07958840995803695,0.07874083998118743,0.0608791279628895,0.03229957989844786,0.041216087139089475
2010-04-30,0.038856562307461026,0.038856562307461026,0.038856562307461026,0.031764511017996475,0.0154706118704766,0.015893907052465198,0.021694403820514203
2010-05-31,-0.07454213050069518,-0.07454213050069518,-0.021294905679081978,-0.08353629594842177,-0.0794548218904875,-0.035939994450129936,-0.040460123241194294
2010-06-30,0.041280318711572866,0.010629384440079218,-0.013143868584361597,-0.06764044307753579,-0.0517407460667016,-0.01885141080420908,-0.013940368030528824
2010-07-30,-0.029986045193458342,-0.029986045193458342,-0.029986045193458342,-0.029986045193458342,0.0683006490953062,0.04461899640854748,0.0477978649925136
2010-08-31,0.048918997295498465,-0.05320090070874398,0.032758202256711604,0.02592318195297994,-0.0449804653919393,-0.013564469903271656,-0.008313144477470925
2010-09-30,-0.007796787170293975,0.012192752673270852,-0.007796787170293975,0.012192752673270852,0.0895547244096748,0.05372090959088645,0.0731938055511682
2010-10-29,0.047661382110668886,0.007100920557840892,0.007100920557840892,0.04648453865223948,0.0382018873297882,0.02289274473604947,0.02541636898986699
2010-11-30,0.011095459340630236,-0.03838552240019017,0.0008423466114598679,0.011095459340630236,0.0,-0.0035930873514052,-0.006116049845108287
2010-12-31,0.061612860579516385,0.057937154266143154,-0.0061275870345726905,0.061612860579516385,0.0668523820648134,0.026387769930693604,0.03796046342447257
2011-01-31,0.013831820622343548,0.013831820622343548,-0.05194374037161763,-0.031206649347744607,0.0233003376340994,0.013895091307629599,-0.008050997944067287
2011-02-28,0.04325766681370369,0.0422939927058342,0.0332942208705838,0.0422939927058342,0.0347370489977763,0.02000863883307922,0.02890342074359444
2011-03-31,-0.0008540622880455779,0.008551278212402352,-0.013592013774481014,0.008551278212402352,0.0001200667220435,-0.0005462898289881,0.00932596047201851
2011-04-29,0.02789445380752711,0.027641309425307348,0.027641309425307348,0.06346485599509591,0.0289619639389229,0.0247423580208829,0.03736318154504722
2011-05-31,-0.017927227123985402,-0.014053005820084652,-0.014864641785291469,-0.017927227123985402,-0.0112150406121799,0.003293229926693741,-0.006429782760772562
2011-06-30,-0.023718924982468165,-0.0197722156710511,-0.021955949496789744,-0.018529832985193433,-0.0168696065157066,-0.01213963799712016,-0.016904123546193472
2011-07-29,0.035900335652694765,0.04045705778952724,-0.006276912469697875,-0.006276912469697875,-0.0200047679067167,0.0006752953188318197,0.011066579646305738
2011-08-31,0.07387201076185664,0.11021263153990127,0.039949304596753436,0.04892927881731367,-0.0549752410136221,-0.014379406485736056,-0.013592218365674286
2011-09-30,0.0052801174709602924,0.0052801174709602924,0.0052801174709602924,-0.019336777351447447,-0.0694209272950348,-0.032704262065545955,-0.058631777142485
2011-10-31,-0.019647242976222022,-0.019647242976222022,0.0095530372325686,0.0095530372325686,0.109146737759763,0.06034180008421507,0.07883560004790063
2011-11-30,-0.0018535042854925885,0.018303260039839737,0.018303260039839737,0.018303260039839737,-0.0040634833305774,-0.00011870266518735966,-0.004221548572267425
2011-12-30,0.015174682854846628,-0.03557511773758805,-0.03557511773758805,-0.03557511773758805,0.0104480526584307,0.01421967714884826,-0.013404846844598063
2012-01-31,0.017909180505488877,0.005391532907958605,0.005391532907958605,0.005391532907958605,0.0463746146436352,0.03127248056016288,0.060487069101984106
2012-02-29,0.04765826237474895,0.014545699314513274,-0.027626436174201928,-0.027626436174201928,0.043405435215494,0.021643990083228957,0.020953582783438788
2012-03-30,0.020113702498112004,0.039923666954407355,0.008350132946587704,-0.02982424163355038,0.0321641754335686,0.012933845952857279,0.0011424177202960881
2012-04-30,-0.013460832140305596,-0.013460832140305596,0.01242730019681856,0.01242730019681856,-0.006675823779249,0.00603101402153644,-4.54255439589395e-05
2012-05-31,-0.06474939705077895,-0.06474939705077895,-0.06474939705077895,0.04665268400851548,-0.0600555928405721,-0.02455518484625838,-0.044897547545821995
2012-06-29,-0.007758877394594244,0.008765844337514254,0.008765844337514254,-0.007758877394594244,0.0405810590703983,0.0226913285753267,0.0313404391594254
2012-07-31,0.020768468981849426,0.01099256732230693,-7.5984148950507605e-06,0.020768468981849426,0.0118296691996442,0.01270243062393248,0.008462813020885824
2012-08-31,-0.004467111440030054,-0.004467111440030054,0.014933453555039257,0.014933453555039257,0.0250525118274564,0.0145623242522368,0.022922886557515926
2012-09-28,0.01713374201422759,-0.00973061931493316,0.017799382303242916,-0.010190397337910318,0.0253507371985823,0.0138174321244447,0.02050759631184864
2012-10-31,-0.013232207855095317,-0.013167148719288367,-0.03396536554080403,-0.0373776887077489,-0.0181977740836337,-0.012502773973477339,-0.015541550442696311
2012-11-30,0.00994916428574212,0.00994916428574212,0.008065881172734024,0.008065881172734024,0.0056592877164198,0.007312144399526399,0.010541042384563337
2012-12-31,0.05559128954265946,0.05559128954265946,-0.013703814959736773,0.002748915563230895,0.0089345492776959,0.0015992813146517792,0.011718879930353037
2013-01-31,0.0172425821266075,0.0172425821266075,0.049358992803698105,0.0172425821266075,0.0511900570309125,0.025541426109153016,0.015599315590942388
2013-02-28,-0.002598602012417601,-0.002598602012417601,-0.002598602012417601,-0.0005233904074876256,0.0127589854579446,0.01218542671157428,-0.004579724000827674
2013-03-29,0.041976943094110715,0.02918858778467042,0.02918858778467042,0.041976943094110715,0.0379713492377049,0.023930196645044137,0.015729061666781598
2013-04-30,0.008772714262527423,0.022816677722264082,0.022816677722264082,0.008772714262527423,0.0192120761239644,0.017628112180256603,0.011239107111970863
2013-05-31,-0.022199398360644742,0.0034571501947967525,0.0034571501947967525,0.0034571501947967525,0.0236094666659041,0.0017457628508671767,-0.01755144953828874
2013-06-28,-0.018424276939438287,-0.011234937448426945,-0.011234937448426945,-0.018240644796765206,-0.0133438633874488,-0.01819093055478488,-0.036784674412760246
2013-07-31,0.06763629501226476,0.06110214280899946,0.06110214280899946,0.06110214280899946,0.0516764298335699,0.02959520109985834,0.037853683123519034
2013-08-30,-0.016477132144090165,-0.016477132144090165,-0.03074775106301722,-0.03074775106301722,-0.0299921354100637,-0.02368552349305658,-0.01076341281991631
2013-09-30,0.055844969112601964,0.055844969112601964,0.04622236852551823,0.04622236852551823,0.0316460520245167,0.026372480883494743,0.03403958329659591
2013-10-31,0.04207686358762912,0.03800334286825138,0.03800334286825138,0.02827963189110741,0.0463067393212202,0.030895142762131563,0.026629401274484175
2013-11-29,0.02120554955458133,0.037361309592361704,0.037361309592361704,0.037361309592361704,0.0296375365221523,0.014277334551652579,0.002085041496612075
2013-12-31,0.025045983035540287,0.025045983035540287,0.025045983035540287,0.025045983035540287,0.0259265773017569,0.0071930425060926576,0.0019443955767445742
2014-01-31,-0.027708657347590687,-0.023059427130872615,-0.023059427130872615,-0.023059427130872615,-0.0352479188868486,-0.008895442490554874,-0.011590826633881179
2014-02-28,0.02715740746989536,0.04979343057694789,0.04979343057694789,0.04979343057694789,0.0455157047092205,0.028739259741629497,0.03892960348697951
2014-03-31,-0.029190807723716402,-0.01819968770914844,-0.01819968770914844,-0.01819968770914844,0.0082953918981349,0.0027330064039708607,-0.0027591977165163494
2014-04-30,0.014465001471398413,0.0023276279593398373,-0.01903578071353489,-0.01903578071353489,0.0069517017307043,0.0072042547164406605,0.0030276642486421626
2014-05-30,0.02194073561197966,0.026507107817102093,0.032074123455127765,0.02669839794078751,0.0232064668638796,0.021225438948410398,0.0173291152720697
2014-06-30,0.008334637887028401,0.008858497742510544,0.024843881940751843,0.024843881940751843,0.0206446754043803,0.01151971235822462,0.024542270067174438
2014-07-31,0.008761300196208091,0.009869647667283604,-0.00319915703473029,-0.00319915703473029,-0.0134376546260706,-0.008944519271801319,-0.01330348957526215
2014-08-29,0.03980598585584409,0.03980598585584409,0.048678318292565526,0.04421083429987592,0.0394638479508551,0.03119936021373386,0.029725471644921547
2014-09-30,-0.01413524646794713,-0.047996096603823965,-0.01413524646794713,-0.010856918577096043,-0.0137963832078339,-0.0124756275028681,-0.0363153205987399
2014-10-31,0.02732674119575666,0.02732674119575666,0.02732674119575666,0.024851839197820923,0.0235505630706351,0.0202754103850895,0.0175563842191362
2014-11-28,0.03567800707608293,0.036312986732647254,0.036312986732647254,0.03567800707608293,0.0274723593301737,0.02163792838393062,0.012116690972803323
2014-12-31,0.010673075820177819,0.010673075820177819,0.010673075820177819,0.010673075820177819,-0.0025365173336115,-0.0010042910845241798,-0.0035820934434321735
2015-01-30,0.04734803865989611,0.04837685180897759,0.04837685180897759,0.04837685180897759,-0.0296294839416221,-0.0005682331775560164,0.018028893478207714
2015-02-27,-0.0604661786768948,0.0039764827916356285,0.0039764827916356285,0.0039764827916356285,0.0562048923921734,0.023835889777030356,0.018772332422668535
2015-03-31,0.014261966718464057,-0.0069670391264189755,-0.0069670391264189755,-0.0069670391264189755,-0.015705853639985,-0.005999289525476959,-0.006611725685232838
2015-04-30,0.004906739191409663,-0.02975914528765465,-0.005925887833482057,-0.005925887833482057,0.0098339024115743,0.003368138542776339,0.008268370128423498
2015-05-29,-0.017148111914054607,0.0013404536010692553,0.0013404536010692553,0.0013404536010692553,0.0128559154086258,0.00604852729399468,-0.0004651548011372626
2015-06-30,-0.027893545474990726,-0.010270242014943125,-0.007934328653425537,-0.022370692276667097,-0.0203116568686537,-0.01871055857545522,-0.021250534626711698
2015-07-31,0.016542412970817367,0.003562632322190576,0.016542412970817367,0.032621151253524674,0.022588909545046,0.01962666067696168,0.0010974125273596974
2015-08-31,-0.06556663670988191,-0.07087945666346625,-0.06556663670988191,-0.06556663670988191,-0.0609501137442332,-0.036253803507202156,-0.04049383648635576
2015-09-30,0.0157921368648841,0.0157921368648841,0.0157921368648841,0.0157921368648841,-0.0255161363971054,-0.0089928270923096,-0.019376915823247885
2015-10-30,-0.0063692943837542,-0.0063692943837542,-0.0063692943837542,-0.0063692943837542,0.0850601116569964,0.04848834924069615,0.049655019373427055
2015-11-30,-0.002324660835608761,-0.002324660835608761,-0.002324660835608761,0.004782267027242549,0.0036549968012353,0.00048231558776002,-0.0088619233176294
2015-12-31,-0.016653358011047805,-0.0072486196041674136,-0.016653358011047805,-0.016653358011047805,-0.0172827150806242,-0.01218166677947796,-0.019633333149120035
2016-01-29,-0.0691044465174288,-0.0691044465174288,-0.0691044465174288,-0.0691044465174288,-0.0497867767120783,-0.01653763873418334,-0.020874066533555627
2016-02-29,0.019565112863077095,0.019565112863077095,0.019565112863077095,0.019565112863077095,-0.0008257408852053,0.005448484981225301,0.011848360336634438
2016-03-31,-0.004168610808644081,-0.004168610808644081,-0.0007402740927827864,-0.0007402740927827864,0.0672662056864805,0.04009523576602958,0.050167848071907516
2016-04-29,0.03117809176258705,0.01616977927895428,-0.0032888576480351785,-0.0074849244198156644,0.0039410552486776,0.00174035836184056,0.007157859191858874
2016-05-31,-0.04943317156972848,-0.017845448711224746,-0.017845448711224746,-0.017845448711224746,0.0170114151071234,0.00980977113548032,-0.0011237987299873124
2016-06-30,0.0021110035996105467,0.07728495937741245,0.07728495937741245,0.04311495187290785,0.0034762425885723,0.01443608585215046,0.023978849434585826
2016-07-29,0.02054347549048628,0.034694777291569265,0.02054347549048628,0.02054347549048628,0.0364712418051029,0.0228686489171835,0.03795973643710242
2016-08-31,0.009816844698431587,0.013780816325406495,-0.01963769848208144,-0.01963769848208144,0.0011973724445453,-0.0033271595088684197,-0.0011367899989329121
2016-09-30,0.023347657995791846,0.01713936958834278,0.014844268300853732,0.0032663615757055576,5.811664050736631e-05,0.0009846652844131398,0.008208283940294856
2016-10-31,-0.012190275358626906,-0.029171772525152545,-0.029171772525152545,-0.02168183062886296,-0.0173369322573937,-0.0163811442460251,-0.024564302145362073
2016-11-30,-0.01370988107087859,-0.01370988107087859,0.04359214744309453,-0.06849233462268996,0.0368383917085259,0.005194270680035824,-0.014764501901115487
2016-12-30,0.02360342231010526,0.01898021760663066,0.01898021760663066,0.02360342231010526,0.020271599287073,0.011688602975693319,0.007501612714461036
2017-01-31,0.012515643932369862,0.030133478112619114,0.012515643932369862,0.012515643932369862,0.0178947567619138,0.0116149643411506,0.02951340908969849
2017-02-28,0.03235618103967239,0.03335468399705958,0.03335468399705958,0.018435045710444506,0.0392915879222386,0.0264694038952552,0.023323427802017325
2017-03-31,0.026723300106762077,0.01262845281939966,0.01262845281939966,0.01262845281939966,0.0012500177951075,0.00107218769553606,0.010115573198100086
2017-04-28,0.02367028949027464,0.022060476475395947,0.022060476475395947,0.022060476475395947,0.0099260945495474,0.01039086515042608,0.016753468741860976
2017-05-31,0.03524991900980801,0.019358181737725945,0.019358181737725945,0.019358181737725945,0.0141129164519562,0.01177482917283852,0.015395753813562
2017-06-30,-0.010451895512823507,-0.010261154825617281,-0.007053097082363325,-0.010261154825617281,0.0063749678645885,0.0017867445064298198,0.001304340630572613
2017-07-31,0.04045231438235158,0.04943549388497924,0.02455716724547774,0.02455716724547774,0.0205541064698238,0.01383168505376876,0.021843659888274067
2017-08-31,0.009010574025702,0.009010574025702,0.022164796660164902,0.022164796660164902,0.0029178050151852,0.00758098403169868,0.015599186159363912
2017-09-29,-0.013835881918106474,-0.0016046208194132427,-0.0016046208194132427,-0.0016046208194132427,0.0201493608924536,0.006323450468975238,0.004008172010564562
2017-10-31,0.0396943541736903,0.022800043513778775,0.0396943541736903,0.026450669687761916,0.02356399889163,0.01338246635345672,0.014594346251738475
2017-11-30,0.024866679311022665,0.008051358993772403,0.008051358993772403,0.024866679311022665,0.0305658822577767,0.01722240220292802,0.011362688376317785
2017-12-29,0.006131791910742351,0.020295662947184444,0.020295662947184444,0.020295662947184444,0.0121279986969393,0.00801596344789834,0.013288693556566976
2018-01-31,0.06751042201306953,0.0854711812976216,0.0854711812976216,0.0854711812976216,0.0563592162435948,0.025214346386631115,0.03512341433283751
2018-02-28,-0.03308808962124121,-0.03308808962124121,-0.03308808962124121,-0.03308808962124121,-0.0363606032951612,-0.025547369661363478,-0.031945141020392726
2018-03-30,-0.019241708599808408,-0.03363042471881064,-0.019241708599808408,-0.019241708599808408,-0.0274103222350755,-0.01182301487337966,-0.0015661801080982004
2018-04-30,-0.011356493377432157,-0.011356493377432157,-0.011356493377432157,-0.011356493377432157,0.0051681181092686,-0.0020053451722112405,-0.0045129782421815
2018-05-31,0.01400585679080392,0.05954011510289346,0.05954011510289346,0.013743324332858983,0.0243089523783484,0.01853005845635728,0.014432901763735713
2018-06-29,0.008363109590143893,0.008363109590143893,0.008363109590143893,0.008363109590143893,0.005751129055036,0.00424029573915924,-0.00820876635066465
2018-07-31,0.021354168223510044,0.021354168223510044,0.021354168223510044,0.021354168223510044,0.0370466775384559,0.020116914076468057,0.01290836805811261
2018-08-31,0.04981098520930571,0.04981098520930571,0.04981098520930571,0.04981098520930571,0.0319198741551616,0.02320789876859024,0.009335085295841499
2018-09-28,0.0026119612290331387,-0.013909982648210445,-0.013909982648210445,-0.013909982648210445,0.0059452554641079,-0.001253006129179181,-0.007945030237985238
2018-10-31,-0.07532482029845146,-0.07532482029845146,-0.09923409494624844,-0.07532482029845146,-0.0691042402105006,-0.04267467569200924,-0.05562751557933208
2018-11-30,0.0133003649287457,0.0133003649287457,0.0133003649287457,0.0133003649287457,0.0185492005669318,0.016449666311657358,0.015214265529176162
2018-12-31,0.0073947227346928095,0.0073947227346928095,0.0073947227346928095,0.0073947227346928095,-0.0880485131971049,-0.041611903139446495,-0.030845665613241736
2019-01-31,0.015687263691150116,0.012812302044968079,0.0056971843337472496,0.012812302044968079,0.0800658168391257,0.05064991777177162,0.06154367749904515
2019-02-28,-0.014214174942383397,-0.005539189877990819,-0.0081022821893724,-0.0081022821893724,0.032415683470385,0.01734728359682728,0.012382657659608777
2019-03-29,0.01985217130522908,-0.006782740622775939,0.036412083168567554,0.036412083168567554,0.0181005863727157,0.02148098732030286,0.015400361140756713
2019-04-30,0.04691331016736358,-0.010267685518653777,-0.010267685518653777,0.04691331016736358,0.0408522103142077,0.02243725388642282,0.01886286347191081
2019-05-31,-0.07207926963713462,-6.021723784254557e-05,0.026471412636447186,-0.07207926963713462,-0.0637711214894422,-0.02606838277459883,-0.02896563425093269
2019-06-28,0.011279516583869482,0.011279516583869482,0.011279516583869482,0.011279516583869482,0.0695866988783671,0.04662057261162906,0.05477894068603818
2019-07-31,0.0014220663158483358,0.0185332783796184,0.0014220663158483358,0.0014220663158483358,0.0151190970700216,0.0092243311436838,0.000283219666448853
2019-08-30,0.09757644652478342,-0.017675903797172147,0.09757644652478342,0.09757644652478342,-0.016743007601086,0.005760953261313283,0.01087696052878919
2019-09-30,-0.030077027157793985,-0.030077027157793985,-0.030077027157793985,-0.030077027157793985,0.0194581015181904,0.0069304738797922785,0.0031200297087162626
2019-10-31,0.007282044346552711,0.007282044346552711,0.013698080057203988,0.007282044346552711,0.0221042000370785,0.01401404797055178,0.023146900180519413
2019-11-29,0.023118165232344765,-0.019472562273984136,0.016825785091552366,-0.019472562273984136,0.0361982283513215,0.018970278865372336,0.010606670514854899
2019-12-31,0.03366142497710764,0.03766998355396117,0.006423501554676832,0.006423501554676832,0.0290554376741425,0.013720965620726777,0.024792986110192174
2020-01-31,-0.012829685652824913,0.01319061041524918,0.03800125629146209,0.01319061041524918,-0.0004037407793811,0.013620917596899621,0.008223038336744027
2020-02-28,-0.0025775193656525086,-0.0708207159578478,-0.03129649825738164,-0.0025775193656525086,-0.0791657760321052,-0.0356526007344274,-0.03176093602433783
2020-03-31,0.029650411341136426,0.007976481062234649,0.029650411341136426,0.007976481062234649,-0.1248713314209204,-0.0600321204929742,-0.0765623138511052
2020-04-30,0.0051385052928868795,0.0051385052928868795,0.0051385052928868795,0.04832796100088918,0.1269834113287584,0.0772910971728554,0.07930830765482748
2020-05-29,0.007691475566497279,0.007691475566497279,0.014517108598211882,0.007691475566497279,0.047645523007707,0.029897089574379997,0.034391231624913234
2020-06-30,0.026998334013042448,0.017695040003206743,0.026998334013042448,0.038309650781166625,0.0177344230734082,0.010811454390502878,0.03090394060455339
2020-07-31,0.06627483001628813,0.05480627130269132,0.09546973945926186,0.09546973945926186,0.0588923342228344,0.03875199998518436,0.05303194030243204
2020-08-31,0.07169796707409737,-0.0263976928487402,0.03864212619119206,0.03864212619119206,0.0697962768534969,0.03799834797480306,0.030837880288687055
2020-09-30,-0.049211219800179444,-0.04679151444114488,-0.049211219800179444,-0.049211219800179444,-0.0374433305205806,-0.02115496120066468,-0.02363959211268725
2020-10-30,-0.027080569723558576,-0.003675187815238779,-0.016198098130653593,-0.016198098130653593,-0.0249337561229263,-0.0204835313549037,-0.013456362946423737
2020-11-30,0.13046053116691206,0.09825364247929183,0.013254461107482025,0.013254461107482025,0.108776728083517,0.06661961458825573,0.07525247679398755
2020-12-31,0.07751634933690446,0.06882215030699093,0.06882215030699093,0.06277482639544385,0.0370483989598229,0.02127512267485134,0.043682939105863836
2021-01-29,0.03893147309466049,0.025181220583752915,0.03893147309466049,-0.016937962617632172,-0.010190274002153,-0.010482470144229119,-0.0018352508490273745
2021-02-26,0.03307592002006695,0.03307592002006695,0.03307592002006695,0.028735851536764348,0.0278056297669968,0.007230016764165639,-0.003097249960407387
2021-03-31,0.0027826968722743407,0.0027826968722743407,0.0027826968722743407,0.015692932290531023,0.0453991577299639,0.017696718104910577,0.0008309078348941248
2021-04-30,0.040455686158003504,0.014706901021635105,0.040455686158003504,0.03978123342196601,0.0529101742802671,0.0357511587225747,0.030250918489414153
2021-05-31,0.02132191893848834,0.005257891355720833,0.005257891355720833,-0.005213952906057482,0.0065663306767895,0.005639125047547699,0.01620380062727721
2021-06-30,-0.025778741323220132,0.021136634264175932,0.013593832065186726,0.013593832065186726,0.0224275889312057,0.01754687456793318,0.01067537977743854
2021-07-30,0.026141454698848036,0.026141454698848036,0.002185570546708168,-0.0007180880821074029,0.0244122886061519,0.02260839750703506,0.005309754923355337
2021-08-31,0.01815067417958249,0.035283734837371974,0.03386437164004654,0.03386437164004654,0.0297599437322755,0.01627812563711606,0.014503870340281451
2021-09-30,-0.05151212087214651,-0.05151212087214651,-0.05151212087214651,-0.04070329540642199,-0.0466055362878787,-0.034351409521700904,-0.03510790123365118
2021-10-29,0.07420750719290298,0.05291707347039113,0.07420750719290298,0.07420750719290298,0.0701637501964351,0.0403264250991619,0.0336055576126784
2021-11-30,0.00457394725730384,0.00457394725730384,0.00457394725730384,-0.022070731126453975,-0.008035091647334,-0.00045274884412948007,-0.01073138411764214
2021-12-31,-0.004001158930940618,0.030582999173683442,0.030582999173683442,0.030582999173683442,0.0462477924532995,0.025652570223238337,0.018384912066557724
2022-01-31,-0.06766772130574135,-0.06766772130574135,-0.06766772130574135,-0.06766772130574135,-0.0527412908946967,-0.040097025820420504,-0.043646307936323535
2022-02-28,-0.0295168471114187,-0.0295168471114187,-0.0295168471114187,-0.0295168471114187,-0.0295168471114187,-0.018926459507209982,-0.01244850935402945
2022-03-31,0.0127255799503041,0.0127255799503041,0.0127255799503041,0.0127255799503041,0.0375903621579705,0.006310506498421301,-0.0018881098213299873
2022-04-29,-0.049419558721907744,-0.049419558721907744,-0.049419558721907744,-0.049419558721907744,-0.0877690845479994,-0.06957450607723371,-0.07608551996451812
2022-05-31,-0.0326154776610677,-0.0326154776610677,-0.0326154776610677,-0.0326154776610677,0.0022572247977319,0.0038279331593600602,-0.004316616054207437
2022-06-30,-0.0086342695992924,-0.0086342695992924,-0.0086342695992924,-0.0086342695992924,-0.0824603803458756,-0.052929936047242325,-0.053935689643096536
2022-07-29,0.0296146733338107,0.0296146733338107,0.0296146733338107,0.0296146733338107,0.0920873707247411,0.06709829176836894,0.04993477301348973
2022-08-31,-0.0385386179508767,-0.0385386179508767,-0.0385386179508767,-0.0385386179508767,-0.0408017877963466,-0.03989651985815864,-0.03751058858615519
2022-09-30,-0.0473496138279123,-0.0473496138279123,-0.0473496138279123,-0.0473496138279123,-0.0924460406877262,-0.07440746994380064,-0.08257539531851603
2022-10-31,-0.0145400734240116,-0.0145400734240116,-0.0145400734240116,-0.0145400734240116,0.0812754876580155,0.042949263225204655,0.022501331085750788
2022-11-30,0.0361225497568624,0.0361225497568624,0.0361225497568624,0.0361225497568624,0.0555916290991196,0.04780399736221672,0.07664957163701035
2022-12-30,-0.04003259141047278,-0.06116755795496915,-0.0376727622747455,-0.0376727622747455,-0.0576281600402543,-0.04052924093635078,-0.0336481424354651
2023-01-31,0.071311023223155,0.071311023223155,0.071311023223155,0.071311023223155,0.0628870921749136,0.05205683638555876,0.07733422608843399
2023-02-28,-0.052563004956498446,-0.043529492326055526,-0.024630629743194226,-0.03923320508434039,-0.0251424461872346,-0.02816866116316396,-0.03591106707825776
2023-03-31,0.05485389728629201,0.05485389728629201,-0.001439727640866511,0.05485389728629201,0.0370776624613344,0.03713103483816808,0.03897020135291172
2023-04-28,0.011307761027351974,0.019510071460111383,0.019349494419515785,0.019349494419515785,0.0159750658291928,0.01284397993505288,0.005533884248112388
2023-05-31,0.009487350874980791,0.009487350874980791,-0.027513103149536082,-0.027513103149536082,0.0046161307261942,-0.0029835469870561604,-0.005844638668969049
2023-06-30,0.01842388381995129,0.01842388381995129,0.01842388381995129,0.01842388381995129,0.0647998914924345,0.033858809257911335,0.033075667616754116
2023-07-31,0.035157903322182604,0.035157903322182604,0.03194431760494258,0.035157903322182604,0.0327332364381103,0.01703337092435518,0.0263498546579644
2023-08-31,-0.03167440755006266,-0.015692353368709763,-0.028246877868047644,-0.028246877868047644,-0.0162519310172231,-0.01267478948120058,-0.029879591848426125
2023-09-29,-0.04872553469685408,-0.04872553469685408,-0.04872553469685408,-0.04279451365090224,-0.0474345485119671,-0.0410159885638649,-0.04786362473508435
2023-10-31,-0.02128280599921245,-0.02128280599921245,-0.02128280599921245,-0.02128280599921245,-0.021708635534843,-0.0207362577775062,-0.0217058816990024
2023-11-30,0.05886444420537326,0.05886444420537326,0.05886444420537326,0.05886444420537326,0.0913439111679923,0.07302423351220866,0.07772141593231005
2023-12-29,0.03120643532963847,0.050100178563049436,0.050100178563049436,0.050100178563049436,0.0456551783824956,0.04248224052667684,0.05616896281976745
2024-01-31,-0.030320630712127684,0.01692240449251755,0.01692240449251755,0.01692240449251755,0.015926545158645,0.00984643305201588,-0.011327612152946387
2024-02-29,0.054101114004560774,0.052461257844928125,0.052461257844928125,0.052461257844928125,0.0521868416797122,0.0229814741023232,0.024253493655625985
2024-03-29,0.02425688029912518,0.02425688029912518,0.02425688029912518,0.02425688029912518,0.0327018593265673,0.0225538730611797,0.0304010743548292
2024-04-30,-0.04173390928519907,-0.04173390928519907,-0.04173390928519907,-0.04173390928519907,-0.0403195650606165,-0.0367108041843071,-0.031638915083920915
2024-05-31,0.017899530769197765,0.0348907872056727,0.03699968002106779,0.05512902650349277,0.0505797099739155,0.037548499300952456,0.03695756370790971
2024-06-28,0.020056155001257268,0.047710664667594084,0.03214231736332942,0.047710664667594084,0.0352800442553782,0.02603602185060176,0.015705593131631987
2024-07-31,0.00016490882257842992,0.00016490882257842992,0.00016490882257842992,0.00016490882257842992,0.0121091713140257,0.01885437146526478,0.03149961372775941
2024-08-30,-0.00229410339328048,0.0025702968282126596,0.008745362740213541,0.01590194146671379,0.0233655484083095,0.01940238146613778,0.0144241043165422
2024-09-30,0.032794121049108504,0.034933546562797756,0.034933546562797756,0.04015113459874575,0.0210046615649182,0.018132896454385358,0.025535042923924327
2024-10-31,0.021786045650094024,0.018097208535323067,0.018097208535323067,0.02308060531197483,-0.0089235586202338,-0.01890369576221924,-0.020080854205252737
2024-11-29,0.0032311944159133625,0.014370451891077834,0.014370451891077834,0.057153365840390075,0.0596335218472248,0.03986376514789576,0.0240965135262209
2024-12-31,-0.03514085856473335,-0.045079702472331826,-0.045079702472331826,-0.0457386419878267,-0.0240601822297977,-0.02346965770311322,-0.031276197633975156
2025-01-31,0.02464998498417251,0.04472502469447965,0.02464998498417251,0.04537371748803043,0.0268564080767204,0.0185800543843238,0.027743493947559126
2025-02-28,-0.018698497492821653,-0.0030556453307683668,-0.0030556453307683668,0.001155698400582399,-0.0126948370334503,0.0035819080766913,0.006527632359351324
2025-03-31,0.04531893043554971,0.024259765470177636,0.019373930305726934,0.019373930305726934,-0.0557191958638344,-0.0320637663949754,-0.012638138054170037
2025-04-30,0.04602428746369338,0.024627547875760127,0.024627547875760127,0.031048040571263646,-0.0086702291754967,-0.0009776547300583797,0.008951726420571463
2025-05-30,0.020310226145674338,0.020310226145674338,0.020310226145674338,0.020310226145674338,0.0628449068528063,0.03274851704690454,0.03126094941671804
2025-06-30,0.013617550775886333,0.013617550775886333,0.02692527919020263,0.02692527919020263,0.051386188205714,0.037239565613553044,0.03889034381552311
2025-07-31,0.013868739513300421,-0.013497348900306672,0.0062983624791938895,-0.013497348900306672,0.0230315073086524,0.011443259563038238,0.0032743633087377374
2025-08-29,0.015494708146157731,0.03571859261503192,0.04705732933708412,0.026535139216547907,0.0205195912572084,0.01890435311740316,0.030060874155189737
2025-09-30,0.03430434404272937,0.08413630673693956,0.06723457809440381,0.08413630673693956,0.0356203695218291,0.0239766634823603,0.04660472834025537
2025-10-31,0.03558317183678777,0.04156564221535071,0.03558317183678777,0.042382193713370014,0.0238374584747524,0.01714751960333288,0.024171853838913186
2025-11-28,0.030219533412936816,0.010842933450275464,0.01080461641035104,0.010842933450275464,0.0019499283249213,0.00512250206848434,0.006567930305359837
2025-12-31,0.021649147454731132,0.006199287695660536,0.005267173589523192,0.021649147454731132,0.0007974973113689,-0.00256623944097706,0.0029047605728824487
2026-01-30,0.07182418599476506,0.09661781253239538,0.0588618743075913,0.09661781253239538,0.0147377816237024,0.00792752941615732,0.04140431704661147
2026-02-27,0.05766844932140675,0.06806146019885223,0.06806146019885223,0.06806146019885223,-0.0086419652903053,0.00469474118078682,0.029733944929545533
