,Shared_180d_InverseVol,Shared_180d_EqualWeight,Shared_180d_MinVar,Shared_180d_LWMinVar,Shared_180d_RiskParity,Shared_252d_InverseVol,Shared_252d_EqualWeight,Shared_252d_MinVar,Shared_252d_LWMinVar,Shared_252d_RiskParity,Best_Static_ETF_Level_InverseVol,Best_Static_ETF_Level_EqualWeight,Best_Static_ETF_Level_MinVar,Best_Static_ETF_Level_LWMinVar,Best_Static_ETF_Level_RiskParity
2006-01-31,0.0,0.0,0.0,0.0,0.0,0.0,0.0,0.0,0.0,0.0,0.0,0.0,0.0,0.0,0.0
2006-02-28,-0.02480564994237105,-0.02480564994237105,-0.02480564994237105,-0.02480564994237105,-0.02480564994237105,-0.02480564994237105,-0.02480564994237105,-0.02480564994237105,-0.02480564994237105,-0.02480564994237105,-0.02480564994237105,-0.02480564994237105,-0.02480564994237105,-0.02480564994237105,-0.02480564994237105
2006-03-31,0.03068991043975873,0.0289384319022544,0.0362047224959101,0.03620472249591009,0.030689910458715323,0.03068991043975873,0.0289384319022544,0.0362047224959101,0.03620472249591009,0.030689910458715323,0.03068991043975873,0.0289384319022544,0.0362047224959101,0.03620472249591009,0.030689910458715323
2006-04-28,0.09957016984010997,0.0927306921730883,0.1203097770627827,0.11325342395656794,0.0971746563820204,0.09957016984010997,0.0927306921730883,0.1203097770627827,0.11325342395656794,0.0971746563820204,0.09957016984010997,0.0927306921730883,0.1203097770627827,0.11325342395656794,0.0971746563820204
2006-05-31,-0.05655684833736245,-0.0623197984434443,-0.013212367941959912,-0.0623197984434443,-0.0623197984434443,-0.05655684833736245,-0.0623197984434443,-0.013212367941959912,-0.0623197984434443,-0.0623197984434443,-0.05655684833736245,-0.0623197984434443,-0.013212367941959912,-0.0623197984434443,-0.0623197984434443
2006-06-30,-0.019013608225593216,-0.0236591895058233,-0.000611175868189,-0.0236591895058233,-0.0236591895058233,-0.027703577805259078,-0.0222863089834364,-0.0467072031434576,-0.03861189130759503,-0.026026095669048423,-0.027703577805259078,-0.0222863089834364,-0.0467072031434576,-0.03861189130759503,-0.026026095669048423
2006-07-31,0.027996684997999413,0.02747486519930705,0.03131556893987839,0.02853849929180695,0.02747486519930705,0.027996684997999413,0.02747486519930705,0.03131556893987839,0.02853849929180695,0.02747486519930705,0.027996684997999413,0.02747486519930705,0.03131556893987839,0.02853849929180695,0.02747486519930705
2006-08-31,-0.0008953109549880338,0.0010211550613715495,-0.0130389542224021,0.0010211550613715495,0.0010211550613715495,-0.0008953109549880338,0.0010211550613715495,-0.0130389542224021,0.0010211550613715495,0.0010211550613715495,-0.0008953109549880338,0.0010211550613715495,-0.0130389542224021,0.0010211550613715495,0.0010211550613715495
2006-09-29,-0.014570248910796522,-0.02152646688840945,0.0022191749625672,-0.005118380275964463,-0.02152646688840945,-0.029020189139204476,-0.0269896472500076,-0.040828426725656744,-0.0269896472500076,-0.0269896472500076,-0.029020189139204476,-0.0269896472500076,-0.040828426725656744,-0.0269896472500076,-0.0269896472500076
2006-10-31,0.029210518967969862,0.0252193329029283,0.0374909536491665,0.03410373575133667,0.0252193329029283,0.029210518967969862,0.0252193329029283,0.0374909536491665,0.03410373575133667,0.0252193329029283,0.025024066661331654,0.039522933340332946,0.01951891243007954,0.039522933340332946,0.039522933340332946
2006-11-30,0.04385540853335733,0.04981021037777905,0.0307293584124261,0.04981021037777905,0.04981021037777905,0.06478216271483082,0.06436831864773625,0.06436831864773625,0.06436831864773625,0.06436831864773625,0.04406125781026214,0.04706680720824935,0.0342880394641582,0.04706680720824935,0.04706680720824935
2006-12-29,0.015018723542924833,0.006823222358739198,0.0319722766224477,0.027004886068674037,0.006823222358739198,0.015203014253883203,0.0181360004168739,0.0181360004168739,0.0181360004168739,0.0181360004168739,0.02295914959609831,0.0291635678167825,0.0037293028948479114,0.0291635678167825,0.0291635678167825
2007-01-31,0.0011428685608060483,0.0036883604636359997,0.0025754626028769625,0.002580429537148231,0.0036883604636359997,0.0011428685608060483,0.0036883604636359997,0.0025754626028769625,0.002580429537148231,0.0036883604636359997,0.012201709801750827,0.00808929559809415,0.0150400776036649,0.012050737009614922,0.00808929559809415
2007-02-28,-0.022620831539745378,-0.02599394567590845,-0.019617327926310803,-0.02599394567590845,-0.02599394567590845,-0.011284771435332897,-0.01679134072825875,-0.0012121180310114,-0.01679134072825875,-0.01679134072825875,-0.016322315341687044,-0.0194618618376519,-0.0065531602497977,-0.0194618618376519,-0.0194618618376519
2007-03-30,0.0368259608082634,0.04117037880693525,0.0289953912791749,0.04117037880693525,0.04117037880693525,0.015544747994835306,0.00893207097203935,0.0289953912791749,0.00893207097203935,0.00893207097203935,0.026480884030768936,0.03157363956354215,0.0098019127923887,0.03157363956354215,0.03157363956354215
2007-04-30,0.018592242291885337,0.026933971954970465,0.017329100021146092,0.018361072063385563,0.026933971954970465,0.018592242291885337,0.026933971954970465,0.017329100021146092,0.018361072063385563,0.026933971954970465,0.028539410313894613,0.028894217659959746,0.028894217659959746,0.028894217659959746,0.028894217659959746
2007-05-31,0.04009175479675842,0.041097449517440154,0.041097449517440154,0.041097449517440154,0.041097449517440154,0.03188716332119225,0.037134488407986804,0.0236231378882501,0.037134488407986804,0.037134488407986804,0.038804665060378246,0.0422828167102222,0.0339197944927209,0.0422828167102222,0.0422828167102222
2007-06-29,0.009332606106312733,0.016787153007357048,0.016787153007357048,0.016787153007357048,0.016787153007357048,0.009332606106312733,0.016787153007357048,0.016787153007357048,0.016787153007357048,0.016787153007357048,0.020761491943438303,0.0207878253906712,0.0207878253906712,0.0207878253906712,0.0207878253906712
2007-07-31,-0.013139373571565487,-0.0078818945913135,-0.0078818945913135,-0.0078818945913135,-0.0078818945913135,-0.013139373571565487,-0.0078818945913135,-0.0078818945913135,-0.0078818945913135,-0.0078818945913135,0.0028748236912854584,0.0028352091606394,0.0028352091606394,0.0028352091606394,0.0028352091606394
2007-08-31,0.011070146570794508,0.0089015507756214,0.0089015507756214,0.0089015507756214,0.0089015507756214,0.02147913841090775,0.0204109668971289,0.0204109668971289,0.0204109668971289,0.0204109668971289,0.02147913841090775,0.0204109668971289,0.0204109668971289,0.0204109668971289,0.0204109668971289
2007-09-28,0.0802446703187906,0.08411806990489265,0.08411806990489265,0.08411806990489265,0.08411806990489265,0.0802446703187906,0.08411806990489265,0.08411806990489265,0.08411806990489265,0.08411806990489265,0.0802446703187906,0.08411806990489265,0.08411806990489265,0.08411806990489265,0.08411806990489265
2007-10-31,0.09386996180066173,0.09410804307832295,0.09410804307832295,0.09410804307832295,0.09410804307832295,0.08975989190552089,0.0945581846320432,0.0945581846320432,0.0945581846320432,0.0945581846320432,0.08975989190552089,0.0945581846320432,0.0945581846320432,0.0945581846320432,0.0945581846320432
2007-11-30,-0.07109800557874403,-0.07205003833835545,-0.07205003833835545,-0.07205003833835545,-0.07205003833835545,-0.045186996856176415,-0.046517845990814155,-0.046517845990814155,-0.046517845990814155,-0.046517845990814155,-0.07109800557874403,-0.07205003833835545,-0.07205003833835545,-0.07205003833835545,-0.07205003833835545
2007-12-31,-0.006159645392777899,-0.00738966693202535,-0.0007132387147668008,-0.00738966693202535,-0.00738966693202535,0.03316185057930297,0.026205438004351798,0.052680397096301096,0.026205438004351798,0.026205438004351798,0.03316185057930297,0.026205438004351798,0.052680397096301096,0.026205438004351798,0.026205438004351798
2008-01-31,0.026396067999906965,0.009597372713731699,0.06724405806585888,0.009597372713731699,0.009597372713731699,0.026396067999906965,0.009597372713731699,0.06724405806585888,0.009597372713731699,0.009597372713731699,0.026396067999906965,0.009597372713731699,0.06724405806585888,0.009597372713731699,0.009597372713731699
2008-02-29,0.022758695585724575,0.0323450051757928,0.014753125773707736,0.0323450051757928,0.0323450051757928,0.022758695585724575,0.0323450051757928,0.014753125773707736,0.0323450051757928,0.0323450051757928,0.022758695585724575,0.0323450051757928,0.014753125773707736,0.0323450051757928,0.0323450051757928
2008-03-31,-0.0053591979344081615,-0.023308815134165,0.009564696159521118,-0.023308815134165,-0.023308815134165,-0.0053591979344081615,-0.023308815134165,0.009564696159521118,-0.023308815134165,-0.023308815134165,-0.0053591979344081615,-0.023308815134165,0.009564696159521118,-0.023308815134165,-0.023308815134165
2008-04-30,-0.029591490076319105,-0.0332258024803933,-0.027395899002231307,-0.029038811512749955,-0.0332258024803933,-0.028161647333180696,-0.03288169733404065,-0.025158379667527226,-0.027034767625237502,-0.03288169733404065,-0.028161647333180696,-0.03288169733404065,-0.025158379667527226,-0.027034767625237502,-0.03288169733404065
2008-05-30,0.019423173910904912,0.020434876682114952,0.020434876682114952,0.020434876682114952,0.020434876682114952,0.019423173910904912,0.020434876682114952,0.020434876682114952,0.020434876682114952,0.020434876682114952,-0.007037011396693491,0.0069310933303763506,-0.008649968641962304,-0.006252325137077667,-0.00290199828472649
2008-06-30,-0.016827152634328053,-0.02376287915020195,-0.008207747858612044,-0.02376287915020195,-0.02376287915020195,-0.016827152634328053,-0.02376287915020195,-0.008207747858612044,-0.02376287915020195,-0.02376287915020195,-0.011753151312375263,-0.04061715674467385,-0.007870494886508152,-0.013363590230745567,-0.021316397870518713
2008-07-31,0.0015623772120784973,-0.0036181487045466,0.005819996428102868,0.002800413413660749,-0.0036181487045466,-0.0069760396901028775,-0.00905783972482,-0.0054664089394097105,-0.00905783972482,-0.00905783972482,0.0015623772120784973,-0.0036181487045466,0.005819996428102868,0.002800413413660749,-0.0036181487045466
2008-08-29,-0.011928017526241624,-0.03882576944011985,0.009754189370528871,-0.002677578168311462,-0.02042372174417479,-0.011928017526241624,-0.03882576944011985,0.009754189370528871,-0.002677578168311462,-0.02042372174417479,0.020684356794363222,0.0213293044490656,0.0213293044490656,0.0213293044490656,0.0213293044490656
2008-09-30,0.005647650372042426,0.006678221109635,0.006678221109635,0.006678221109635,0.006678221109635,0.005647650372042426,0.006678221109635,0.006678221109635,0.006678221109635,0.006678221109635,-0.02289143972876395,-0.0394586136786314,-0.020848355758361664,-0.0394586136786314,-0.02657901540804839
2008-10-31,-0.012998558947210439,-0.0136179160132272,-0.0136179160132272,-0.0136179160132272,-0.0136179160132272,-0.012998558947210439,-0.0136179160132272,-0.0136179160132272,-0.0136179160132272,-0.0136179160132272,-0.012998558947210439,-0.0136179160132272,-0.0136179160132272,-0.0136179160132272,-0.0136179160132272
2008-11-28,0.10614532909135678,0.11047602713785525,0.11047602713785525,0.11047602713785525,0.11047602713785525,0.10614532909135678,0.11047602713785525,0.11047602713785525,0.11047602713785525,0.11047602713785525,0.10614532909135678,0.11047602713785525,0.11047602713785525,0.11047602713785525,0.11047602713785525
2008-12-31,0.08289122145464446,0.09404288184187676,0.09404288184187676,0.09404288184187676,0.09404288184187676,0.08289122145464446,0.09404288184187676,0.09404288184187676,0.09404288184187676,0.09404288184187676,0.08289122145464446,0.09404288184187676,0.09404288184187676,0.09404288184187676,0.09404288184187676
2009-01-30,-0.06978343057216689,-0.0847901344955689,-0.0388720452571103,-0.0847901344955689,-0.0847901344955689,-0.06978343057216689,-0.0847901344955689,-0.0388720452571103,-0.0847901344955689,-0.0847901344955689,-0.06978343057216689,-0.0847901344955689,-0.0388720452571103,-0.0847901344955689,-0.0847901344955689
2009-02-27,-0.009774667246923344,-0.01133322692144325,-0.0073486037544894,-0.008593141126602961,-0.010540366812451511,-0.009774667246923344,-0.01133322692144325,-0.0073486037544894,-0.008593141126602961,-0.010540366812451511,-0.009774667246923344,-0.01133322692144325,-0.0073486037544894,-0.008593141126602961,-0.010540366812451511
2009-03-31,0.03537628578894782,0.036804396179769605,0.0331363476886668,0.0342025954659341,0.036064969770572844,0.03537628578894782,0.036804396179769605,0.0331363476886668,0.0342025954659341,0.036064969770572844,0.01629054420260634,0.003883306394257,0.0331363476886668,0.017556170719955196,0.01023452460439195
2009-04-30,-0.040488249083317204,-0.0484864535288377,-0.0274516212654929,-0.032744628190307434,-0.044150823392615585,-0.040488249083317204,-0.0484864535288377,-0.0274516212654929,-0.032744628190307434,-0.044150823392615585,-0.040488249083317204,-0.0484864535288377,-0.0274516212654929,-0.032744628190307434,-0.044150823392615585
2009-05-29,0.016305840219989924,0.0407764612552806,-0.01907916282778341,0.019296449190961615,0.030838138086022083,0.016305840219989924,0.0407764612552806,-0.01907916282778341,0.019296449190961615,0.030838138086022083,0.016305840219989924,0.0407764612552806,-0.01907916282778341,0.019296449190961615,0.030838138086022083
2009-06-30,-0.0410525999619452,-0.0373387250500041,-0.04685822238374357,-0.03941454034803955,-0.03831347816286104,-0.013978393824847505,-0.011326882648843049,-0.016464692056646815,-0.011326882648843049,-0.011326882648843049,-0.03593092591450263,-0.03311598642885965,-0.04092364251050286,-0.03311598642885965,-0.03311598642885965
2009-07-31,0.09479918954898817,0.0972660741795654,0.08438668802107459,0.08693467750870183,0.09535070450895294,0.052626704168844476,0.05409287330250055,0.051244441418127624,0.05409287330250055,0.05409287330250055,0.05694864239004144,0.06210682510865405,0.04741602085074702,0.06210682510865405,0.06210682510865405
2009-08-31,0.0033527787126872996,0.0007831581117562006,0.014702189380870699,0.013920482273350979,0.0028825724079839365,0.007412956486338154,0.007624223616445,0.008404424776240722,0.007624223616445,0.007624223616445,0.03694120394942368,0.0371819973187872,0.03217245489551039,0.0371819973187872,0.0371819973187872
2009-09-30,0.07511474259766748,0.07921732386512455,0.05648001210261631,0.05794451819995406,0.07588436497146472,0.07399723653544675,0.08015288986523725,0.06481550497928013,0.0765736431417021,0.07846616732849931,0.04449419026592834,0.0455413775745774,0.035456761497012206,0.0368944000088195,0.04466246089103268
2009-10-30,-0.032057700608303645,-0.0324855287044932,-0.0305322849152657,-0.031031966158117708,-0.032183184924020086,0.00350560309545291,0.00047002746093096606,-0.002980814805488407,0.006804734501864472,0.004094299368909477,-0.03933319285511018,-0.0420663561758138,-0.01922534523272721,-0.024830031978277364,-0.03990511458069364
2009-11-30,0.05750161432527084,0.058865842748534195,0.039211743625517,0.04601584612323172,0.058865842748534195,0.1107050742657285,0.1031924822321611,0.11528255341824623,0.1113527852238172,0.10791642108947222,0.06952773444543907,0.07099820323121794,0.0634764645908845,0.0634764645908845,0.06973674178631688
2009-12-31,0.019337855360255837,0.01992731829535515,0.0070962094852038,0.01992731829535515,0.01992731829535515,0.044888104887248606,0.0423932293959512,0.052028031686395894,0.0520280316863959,0.04453264878369408,0.044888104887248606,0.0423932293959512,0.052028031686395894,0.0520280316863959,0.04453264878369408
2010-01-29,-0.0634375184768517,-0.064120957954941,-0.0506513908928194,-0.064120957954941,-0.064120957954941,-0.06951391780474397,-0.07114508266018149,-0.06469964030330039,-0.0646996403033004,-0.06974718380753488,-0.06951391780474397,-0.07114508266018149,-0.06469964030330039,-0.0646996403033004,-0.06974718380753488
2010-02-26,0.034714478611288166,0.03190146628090315,0.0460388741575861,0.0460388741575861,0.03430146721295256,0.034714478611288166,0.03190146628090315,0.0460388741575861,0.0460388741575861,0.03430146721295256,0.034714478611288166,0.03190146628090315,0.0460388741575861,0.0460388741575861,0.03430146721295256
2010-03-31,0.07961937133745264,0.07970793610785015,0.07970793610785015,0.07970793610785015,0.07970793610785015,0.0786690085572275,0.0791090094059696,0.0771089588059541,0.07749830531201281,0.07876641153620614,0.0786690085572275,0.0791090094059696,0.0771089588059541,0.07749830531201281,0.07876641153620614
2010-04-30,0.038627035233415874,0.039605317369902304,0.039605317369902304,0.039605317369902304,0.039605317369902304,0.03171030661633454,0.0275614138715905,0.05625123796113649,0.03839086137247624,0.0275614138715905,0.012758414956791322,0.0103819003429145,0.0224258038412263,0.0175406622367729,0.0103819003429145
2010-05-31,-0.0282580128017135,-0.022426674795042796,-0.022426674795042796,-0.022426674795042796,-0.022426674795042796,-0.01609114208905312,-0.04665668532363566,0.0002889642984133592,-0.007576308923884823,-0.031027311730170794,-0.08155139132546703,-0.08393005295427841,-0.0739242997005004,-0.07795778455588201,-0.08393005295427841
2010-06-30,-0.02531574631648824,-0.0269404261264206,-0.0269404261264206,-0.0269404261264206,-0.0269404261264206,-0.06831003930510685,-0.0685952436390152,-0.0685952436390152,-0.0685952436390152,-0.0685952436390152,-0.06831003930510685,-0.0685952436390152,-0.0685952436390152,-0.0685952436390152,-0.0685952436390152
2010-07-30,-0.026746479996385707,-0.03016747451065925,-0.03016747451065925,-0.03016747451065925,-0.03016747451065925,-0.026746479996385707,-0.03016747451065925,-0.03016747451065925,-0.03016747451065925,-0.03016747451065925,-0.026746479996385707,-0.03016747451065925,-0.03016747451065925,-0.03016747451065925,-0.03016747451065925
2010-08-31,0.030318750605115317,0.014343297690675699,0.014343297690675699,0.014343297690675699,0.014343297690675699,0.01776182337936357,0.012346968152165,0.023322969009195962,0.012346968152165,0.012346968152165,-0.04263658704267112,-0.041832744505597846,-0.041832744505597846,-0.041832744505597846,-0.041832744505597846
2010-09-30,-0.008750847473068096,-0.012616860348916084,-0.012616860348916084,-0.012616860348916084,-0.012616860348916084,0.006443931933469548,0.01127583816997605,0.01127583816997605,0.01127583816997605,0.01127583816997605,-0.008750847473068096,-0.012616860348916084,-0.012616860348916084,-0.012616860348916084,-0.012616860348916084
2010-10-29,-0.008497055544769767,-0.00393494566937775,-0.00393494566937775,-0.00393494566937775,-0.00393494566937775,0.04839314035921841,0.05010064094838495,0.046925532290955294,0.05010064094838495,0.05010064094838495,-0.003469721221082016,0.0093429971300793,-0.005725696406509995,-0.0037868031542232193,-0.0007641258973852781
2010-11-30,-0.0007496492980486845,-0.003970937161553001,0.002045765802550033,-0.003970937161553001,-0.003970937161553001,0.01113372243448165,0.0096941349138345,0.012377660126279668,0.0096941349138345,0.0096941349138345,-0.015357149587147848,-0.0153897803418861,-0.0153897803418861,-0.0153897803418861,-0.0153897803418861
2010-12-31,-0.00519724037310541,-0.0063111245280321505,-0.0063111245280321505,-0.0063111245280321505,-0.0063111245280321505,0.06363931916401647,0.06395209049356304,0.06395209049356304,0.06395209049356304,0.06395209049356304,0.06363931916401647,0.06395209049356304,0.06395209049356304,0.06395209049356304,0.06395209049356304
2011-01-31,-0.055891003368891884,-0.05110536119745045,-0.05823851606151435,-0.05573096507815033,-0.05376375929398773,-0.04519355031186789,-0.0337519476113745,-0.05224079812096955,-0.04695512787984994,-0.04108325585937032,0.01262343937438165,0.012285846903858201,0.012285846903858201,0.012285846903858201,0.012285846903858201
2011-02-28,0.0334603258531167,0.03355270561941055,0.03355270561941055,0.03355270561941055,0.03355270561941055,0.042954213906690825,0.04351364733747175,0.04351364733747175,0.04351364733747175,0.04351364733747175,0.042954213906690825,0.04351364733747175,0.04351364733747175,0.04351364733747175,0.04351364733747175
2011-03-31,-0.013689917073165438,-0.0141830612676927,-0.0141830612676927,-0.0141830612676927,-0.0141830612676927,0.009601762681438065,0.01037368773184205,0.01037368773184205,0.01037368773184205,0.01037368773184205,0.009601762681438065,0.01037368773184205,0.01037368773184205,0.01037368773184205,0.01037368773184205
2011-04-29,0.02761263157352601,0.027553178656776048,0.027553178656776048,0.027553178656776048,0.027553178656776048,0.06564120529599687,0.05791113449105575,0.0725495387480086,0.05791113449105575,0.05791113449105575,0.02761263157352601,0.027553178656776048,0.027553178656776048,0.027553178656776048,0.027553178656776048
2011-05-31,-0.014940953185239907,-0.01506453312692645,-0.01506453312692645,-0.01506453312692645,-0.01506453312692645,-0.017927037571794743,-0.01792957393181555,-0.017924804584640443,-0.01792957393181555,-0.01792957393181555,0.007502848784237797,-0.005510528159514766,0.016544127822731597,0.012390528714784839,-0.005510528159514766
2011-06-30,-0.02204992876995074,-0.0221499278791384,-0.0221499278791384,-0.0221499278791384,-0.0221499278791384,-0.017893025145390054,-0.0180764271821941,-0.0180764271821941,-0.0180764271821941,-0.0180764271821941,-0.014933028405383195,-0.014804731273280948,-0.014804731273280948,-0.014804731273280948,-0.014804731273280948
2011-07-29,0.01564025549463632,0.004761839823553833,0.02403923305293671,0.019383299397733096,0.004761839823553833,0.01564025549463632,0.004761839823553833,0.02403923305293671,0.019383299397733096,0.004761839823553833,0.004055614087848686,0.0031790630453140496,0.0031790630453140496,0.0031790630453140496,0.0031790630453140496
2011-08-31,0.02620421892179721,0.01691782591311515,0.01691782591311515,0.01691782591311515,0.01691782591311515,0.037376003488201553,0.0360300388568619,0.0360300388568619,0.0360300388568619,0.0360300388568619,0.037376003488201553,0.0360300388568619,0.0360300388568619,0.0360300388568619,0.0360300388568619
2011-09-30,0.025170007031237354,0.010718944567917457,0.010718944567917457,0.010718944567917457,0.010718944567917457,-0.015989283133293408,-0.0441263683448195,0.022370735778687294,-0.0441263683448195,-0.0441263683448195,0.025170007031237354,0.010718944567917457,0.010718944567917457,0.010718944567917457,0.010718944567917457
2011-10-31,0.005349092227984378,0.010209979145496501,0.0011670057859764285,0.010209979145496501,0.010209979145496501,0.005349092227984378,0.010209979145496501,0.0011670057859764285,0.010209979145496501,0.010209979145496501,0.005349092227984378,0.010209979145496501,0.0011670057859764285,0.010209979145496501,0.010209979145496501
2011-11-30,0.018461942734420513,0.0182820153790492,0.018615366502341427,0.0182820153790492,0.0182820153790492,0.018461942734420513,0.0182820153790492,0.018615366502341427,0.0182820153790492,0.0182820153790492,0.018461942734420513,0.0182820153790492,0.018615366502341427,0.0182820153790492,0.0182820153790492
2011-12-30,-0.027508456204002992,-0.0360880269095868,-0.020413545650327897,-0.0360880269095868,-0.0360880269095868,-0.027508456204002992,-0.0360880269095868,-0.020413545650327897,-0.0360880269095868,-0.0360880269095868,-0.027508456204002992,-0.0360880269095868,-0.020413545650327897,-0.0360880269095868,-0.0360880269095868
2012-01-31,0.005497428266554069,0.00266001341796945,0.0086192794349544,0.00266001341796945,0.00266001341796945,0.005497428266554069,0.00266001341796945,0.0086192794349544,0.00266001341796945,0.00266001341796945,0.005497428266554069,0.00266001341796945,0.0086192794349544,0.00266001341796945,0.00266001341796945
2012-02-29,-0.027359095234564604,-0.0278098487429469,-0.02711594352707869,-0.0278098487429469,-0.0278098487429469,-0.027359095234564604,-0.0278098487429469,-0.02711594352707869,-0.0278098487429469,-0.0278098487429469,-0.014989920747252326,-0.01848404727574505,-0.0109981776151686,-0.01848404727574505,-0.01848404727574505
2012-03-30,0.004049989919490279,0.004085404970260751,0.004085404970260751,0.004085404970260751,0.004085404970260751,-0.031065036910837104,-0.02778413542647305,-0.033198556054534006,-0.02778413542647305,-0.02778413542647305,-0.007412098228546488,0.004467540906997299,-0.008795452493914235,-0.004200495258138415,-0.0010158760675776767
2012-04-30,0.017676927113683072,0.0183239813750666,0.0183239813750666,0.0183239813750666,0.0183239813750666,0.017676927113683072,0.0183239813750666,0.0183239813750666,0.0183239813750666,0.0183239813750666,-0.010601014448318345,-0.01142860594846465,-0.006675823779249,-0.01142860594846465,-0.01142860594846465
2012-05-31,-0.06505897853451323,-0.0652285200076464,-0.0652285200076464,-0.0652285200076464,-0.0652285200076464,0.045298605576738704,0.05947422717697225,0.0286954271452122,0.0295198902609657,0.05947422717697225,0.0010496889305438226,-0.02085301001475425,0.004505111612406899,0.00063022037732368,-0.004802116983168989
2012-06-29,0.009905489707298142,0.00971592566238275,0.00971592566238275,0.00971592566238275,0.00971592566238275,-0.0074331565493771625,-0.0104628520111408,-0.0041432671672807,-0.0041432671672807,-0.0104628520111408,-0.0074331565493771625,-0.0104628520111408,-0.0041432671672807,-0.0041432671672807,-0.0104628520111408
2012-07-31,0.0004809560981507855,-0.0016895220994610502,0.0118296691996442,0.007300473112847662,-0.0016895220994610502,0.020325322761763263,0.026092377911384697,0.014011572760364903,0.014011572760364901,0.026092377911384697,0.012950253515583366,0.0119934862744586,0.013048478769830122,0.012932581806326065,0.012779866470768059
2012-08-31,0.01943798358257243,0.01933162072999735,0.01933162072999735,0.01933162072999735,0.01933162072999735,0.01943798358257243,0.01933162072999735,0.01933162072999735,0.01933162072999735,0.01933162072999735,0.012283212052598946,0.0253395624106671,0.011249646028629965,0.012755400322490227,0.015090347188763672
2012-09-28,0.0045515804969717775,0.010250783651146733,0.0015862801377264052,0.0027531653274271792,0.010250783651146733,-0.008289588066244056,-0.00822172448039675,-0.00822172448039675,-0.00822172448039675,-0.00822172448039675,-0.008289588066244056,-0.00822172448039675,-0.00822172448039675,-0.00822172448039675,-0.00822172448039675
2012-10-31,-0.03358864822718231,-0.0354953559670483,-0.0354953559670483,-0.0354953559670483,-0.0354953559670483,-0.03780461371170024,-0.03724253326564585,-0.03724253326564585,-0.03724253326564585,-0.03724253326564585,-0.033037610062891465,-0.02857401465080865,-0.0527929378504629,-0.039211070549655884,-0.02857401465080865
2012-11-30,0.009111539707690757,0.009014185445329033,0.009014185445329033,0.009014185445329033,0.009014185445329033,0.009111539707690757,0.009014185445329033,0.009014185445329033,0.009014185445329033,0.009014185445329033,0.00809087159301025,0.006067710902673399,0.010396316686247006,0.008797603198977837,0.006067710902673399
2012-12-31,-0.013619158384697516,-0.01714014144679385,-0.01714014144679385,-0.01714014144679385,-0.01714014144679385,0.0035195407695603003,0.0021323931291337495,0.0021323931291337495,0.0021323931291337495,0.0021323931291337495,0.028193169402244617,0.0316828697721974,0.0316828697721974,0.0316828697721974,0.0316828697721974
2013-01-31,0.05124815924226514,0.0498328828906555,0.0498328828906555,0.0498328828906555,0.0498328828906555,0.01888622181381405,0.01717687645431655,0.01717687645431655,0.01717687645431655,0.01717687645431655,0.013353611784660956,0.0118925605661099,0.0118925605661099,0.0118925605661099,0.0118925605661099
2013-02-28,-5.343875078276522e-05,-0.0014197281312737006,-0.0014197281312737006,-0.0014197281312737006,-0.0014197281312737006,0.00248880608335272,-6.353892428590056e-05,-6.353892428590056e-05,-6.353892428590056e-05,-6.353892428590056e-05,0.0069286941964746725,0.00674296981832605,0.00674296981832605,0.00674296981832605,0.00674296981832605
2013-03-29,0.03173930550433836,0.029822546649365952,0.029822546649365952,0.029822546649365952,0.029822546649365952,0.041836822104653976,0.0422810804653641,0.0422810804653641,0.0422810804653641,0.0422810804653641,0.041836822104653976,0.0422810804653641,0.0422810804653641,0.0422810804653641,0.0422810804653641
2013-04-30,0.020729414521960393,0.023345907818023152,0.023345907818023152,0.023345907818023152,0.023345907818023152,0.009137450260955467,0.007858730215676499,0.007858730215676499,0.007858730215676499,0.007858730215676499,0.009137450260955467,0.007858730215676499,0.007858730215676499,0.007858730215676499,0.007858730215676499
2013-05-31,0.0083934514405537,0.0045646587704094,0.0045646587704094,0.0045646587704094,0.0045646587704094,0.0083934514405537,0.0045646587704094,0.0045646587704094,0.0045646587704094,0.0045646587704094,0.03059461531670865,0.03146473851126825,0.03146473851126825,0.03146473851126825,0.03146473851126825
2013-06-28,-0.011269106438425307,-0.01076216568513235,-0.01076216568513235,-0.01076216568513235,-0.01076216568513235,-0.017364462931817485,-0.01747984421334515,-0.01747984421334515,-0.01747984421334515,-0.01747984421334515,-0.016136266435061372,-0.0160665932324525,-0.0160665932324525,-0.0160665932324525,-0.0160665932324525
2013-07-31,0.033003805977070616,0.04049723856561753,0.04049723856561753,0.04049723856561753,0.04049723856561753,0.033003805977070616,0.04049723856561753,0.04049723856561753,0.04049723856561753,0.04049723856561753,0.0683281225812496,0.06824112843107541,0.06824112843107541,0.06824112843107541,0.06824112843107541
2013-08-30,-0.03070031950291332,-0.03081702720887045,-0.03081702720887045,-0.03081702720887045,-0.03081702720887045,-0.03070031950291332,-0.03081702720887045,-0.03081702720887045,-0.03081702720887045,-0.03081702720887045,-0.01623526197460843,-0.0166090484252076,-0.0166090484252076,-0.0166090484252076,-0.0166090484252076
2013-09-30,0.04622159456249695,0.0482684453658498,0.0482684453658498,0.0482684453658498,0.0482684453658498,0.04622159456249695,0.0482684453658498,0.0482684453658498,0.0482684453658498,0.0482684453658498,0.05618897498417094,0.05660648324258595,0.05660648324258595,0.05660648324258595,0.05660648324258595
2013-10-31,0.037555449401774,0.0368848871159346,0.0368848871159346,0.0368848871159346,0.0368848871159346,0.02841399265826976,0.02840137539978235,0.02840137539978235,0.02840137539978235,0.02840137539978235,0.037555449401774,0.0368848871159346,0.0368848871159346,0.0368848871159346,0.0368848871159346
2013-11-29,0.037299133760086076,0.037537989447580855,0.037537989447580855,0.037537989447580855,0.037537989447580855,0.037299133760086076,0.037537989447580855,0.037537989447580855,0.037537989447580855,0.037537989447580855,0.037299133760086076,0.037537989447580855,0.037537989447580855,0.037537989447580855,0.037537989447580855
2013-12-31,0.02522944492269527,0.0247410759358388,0.0247410759358388,0.0247410759358388,0.0247410759358388,0.02522944492269527,0.0247410759358388,0.0247410759358388,0.0247410759358388,0.0247410759358388,0.02522944492269527,0.0247410759358388,0.0247410759358388,0.0247410759358388,0.0247410759358388
2014-01-31,-0.022883121757529077,-0.023476227980839398,-0.023476227980839398,-0.023476227980839398,-0.023476227980839398,-0.022883121757529077,-0.023476227980839398,-0.023476227980839398,-0.023476227980839398,-0.023476227980839398,-0.022883121757529077,-0.023476227980839398,-0.023476227980839398,-0.023476227980839398,-0.023476227980839398
2014-02-28,0.04984584521193251,0.049656359982988146,0.049656359982988146,0.049656359982988146,0.049656359982988146,0.04984584521193251,0.049656359982988146,0.049656359982988146,0.049656359982988146,0.049656359982988146,0.04984584521193251,0.049656359982988146,0.049656359982988146,0.049656359982988146,0.049656359982988146
2014-03-31,-0.012630015031633302,-0.013477012413550166,-0.013477012413550166,-0.013477012413550166,-0.013477012413550166,-0.012630015031633302,-0.013477012413550166,-0.013477012413550166,-0.013477012413550166,-0.013477012413550166,-0.012630015031633302,-0.013477012413550166,-0.013477012413550166,-0.013477012413550166,-0.013477012413550166
2014-04-30,-0.019617043803541526,-0.0203348764231789,-0.0203348764231789,-0.0203348764231789,-0.0203348764231789,-0.019617043803541526,-0.0203348764231789,-0.0203348764231789,-0.0203348764231789,-0.0203348764231789,0.004580105439164558,0.003780399284504166,0.003780399284504166,0.003780399284504166,0.003780399284504166
2014-05-30,0.026427935912122412,0.028772268549788767,0.028772268549788767,0.028772268549788767,0.028772268549788767,0.02772788954875029,0.0263574264607219,0.0263574264607219,0.0263574264607219,0.0263574264607219,0.031837262744429926,0.03040532052500295,0.03040532052500295,0.03040532052500295,0.03040532052500295
2014-06-30,0.012273004019034302,0.016571691299452334,0.016571691299452334,0.016571691299452334,0.016571691299452334,0.012273004019034302,0.016571691299452334,0.016571691299452334,0.016571691299452334,0.016571691299452334,0.012741028726624819,0.014362837258298851,0.014362837258298851,0.014362837258298851,0.014362837258298851
2014-07-31,-0.0013975313191438134,-0.0008088790347366001,-0.0008088790347366001,-0.0008088790347366001,-0.0008088790347366001,-0.0013975313191438134,-0.0008088790347366001,-0.0008088790347366001,-0.0008088790347366001,-0.0008088790347366001,0.012608910840755607,0.012734134508581501,0.012734134508581501,0.012734134508581501,0.012734134508581501
2014-08-29,0.04854699165431463,0.0486663895939215,0.0486663895939215,0.0486663895939215,0.0486663895939215,0.044677827298618286,0.044779225909599804,0.044779225909599804,0.044779225909599804,0.044779225909599804,0.04111282233154797,0.0391960635622543,0.0391960635622543,0.0391960635622543,0.0391960635622543
2014-09-30,-0.014705957979002015,-0.01434509455279845,-0.01434509455279845,-0.01434509455279845,-0.01434509455279845,-0.0109127499466638,-0.0106813704483267,-0.0106813704483267,-0.0106813704483267,-0.0106813704483267,-0.03714980454867857,-0.0426203617465003,-0.0426203617465003,-0.0426203617465003,-0.0426203617465003
2014-10-31,0.027326281640489794,0.027302768836231547,0.027302768836231547,0.027302768836231547,0.027302768836231547,0.02490641730172477,0.02498501817402525,0.02498501817402525,0.02498501817402525,0.02498501817402525,0.027326281640489794,0.027302768836231547,0.027302768836231547,0.027302768836231547,0.027302768836231547
2014-11-28,0.037623584031190094,0.037568607803472445,0.037568607803472445,0.037568607803472445,0.037568607803472445,0.035886657006963,0.036467952253285196,0.036467952253285196,0.036467952253285196,0.036467952253285196,0.037623584031190094,0.037568607803472445,0.037568607803472445,0.037568607803472445,0.037568607803472445
2014-12-31,0.0064994606679163475,0.005053656936082101,0.005053656936082101,0.005053656936082101,0.005053656936082101,0.0064994606679163475,0.005053656936082101,0.005053656936082101,0.005053656936082101,0.005053656936082101,0.0064994606679163475,0.005053656936082101,0.005053656936082101,0.005053656936082101,0.005053656936082101
2015-01-30,0.046825777415240376,0.03866734086992405,0.03866734086992405,0.03866734086992405,0.03866734086992405,0.046825777415240376,0.03866734086992405,0.03866734086992405,0.03866734086992405,0.03866734086992405,0.046825777415240376,0.03866734086992405,0.03866734086992405,0.03866734086992405,0.03866734086992405
2015-02-27,0.005016096608703918,0.005410778293119249,0.005410778293119249,0.005410778293119249,0.005410778293119249,0.005016096608703918,0.005410778293119249,0.005410778293119249,0.005410778293119249,0.005410778293119249,0.005016096608703918,0.005410778293119249,0.005410778293119249,0.005410778293119249,0.005410778293119249
2015-03-31,-0.007667624504094997,-0.00633361598007955,-0.00633361598007955,-0.00633361598007955,-0.00633361598007955,-0.007667624504094997,-0.00633361598007955,-0.00633361598007955,-0.00633361598007955,-0.00633361598007955,-0.007667624504094997,-0.00633361598007955,-0.00633361598007955,-0.00633361598007955,-0.00633361598007955
2015-04-30,-0.005295616112543663,-0.007514267283377349,-0.007514267283377349,-0.007514267283377349,-0.007514267283377349,-0.005295616112543663,-0.007514267283377349,-0.007514267283377349,-0.007514267283377349,-0.007514267283377349,0.0005856369879069286,-0.0032129527772738996,-0.0032129527772738996,-0.0032129527772738996,-0.0032129527772738996
2015-05-29,0.0023321557192711173,-0.0006201195616046002,-0.0006201195616046002,-0.0006201195616046002,-0.0006201195616046002,0.0023321557192711173,-0.0006201195616046002,-0.0006201195616046002,-0.0006201195616046002,-0.0006201195616046002,0.005247029925466382,0.009160873171601198,0.009160873171601198,0.009160873171601198,0.009160873171601198
2015-06-30,-0.011546610229810815,-0.00850552071337045,-0.00850552071337045,-0.00850552071337045,-0.00850552071337045,-0.022354401747836795,-0.0225761854326873,-0.0225761854326873,-0.0225761854326873,-0.0225761854326873,-0.011546610229810815,-0.00850552071337045,-0.00850552071337045,-0.00850552071337045,-0.00850552071337045
2015-07-31,0.02109752360766328,0.01726903914520895,0.01726903914520895,0.01726903914520895,0.01726903914520895,0.03287059951213634,0.034083288726109204,0.034083288726109204,0.034083288726109204,0.034083288726109204,0.02109752360766328,0.01726903914520895,0.01726903914520895,0.01726903914520895,0.01726903914520895
2015-08-31,-0.06582001439304239,-0.065677377522654,-0.065677377522654,-0.065677377522654,-0.065677377522654,-0.06582001439304239,-0.065677377522654,-0.065677377522654,-0.065677377522654,-0.065677377522654,-0.02336973695860049,-0.03372709163481,-0.03372709163481,-0.03372709163481,-0.03372709163481
2015-09-30,0.0157921368648841,0.0157921368648841,0.0157921368648841,0.0157921368648841,0.0157921368648841,0.0157921368648841,0.0157921368648841,0.0157921368648841,0.0157921368648841,0.0157921368648841,0.0157921368648841,0.0157921368648841,0.0157921368648841,0.0157921368648841,0.0157921368648841
2015-10-30,-0.0063692943837542,-0.0063692943837542,-0.0063692943837542,-0.0063692943837542,-0.0063692943837542,-0.0063692943837542,-0.0063692943837542,-0.0063692943837542,-0.0063692943837542,-0.0063692943837542,-0.0063692943837542,-0.0063692943837542,-0.0063692943837542,-0.0063692943837542,-0.0063692943837542
2015-11-30,-0.0016232392200570367,0.0009058725544709,-0.002535042237391048,0.0009058725544709,0.0009058725544709,0.004721002393655371,0.004871724071315,0.004871724071315,0.004871724071315,0.004871724071315,-0.0016232392200570367,0.0009058725544709,-0.002535042237391048,0.0009058725544709,0.0009058725544709
2015-12-31,-0.016695836740493714,-0.0166152376806633,-0.0166152376806633,-0.0166152376806633,-0.0166152376806633,-0.016695836740493714,-0.0166152376806633,-0.0166152376806633,-0.0166152376806633,-0.0166152376806633,-0.007482813561888978,-0.0102389273042305,-0.006566949913251531,-0.0102389273042305,-0.0102389273042305
2016-01-29,-0.0691044465174288,-0.0691044465174288,-0.0691044465174288,-0.0691044465174288,-0.0691044465174288,-0.0691044465174288,-0.0691044465174288,-0.0691044465174288,-0.0691044465174288,-0.0691044465174288,-0.0691044465174288,-0.0691044465174288,-0.0691044465174288,-0.0691044465174288,-0.0691044465174288
2016-02-29,0.01988307445807091,0.0228599878287518,0.0228599878287518,0.0228599878287518,0.0228599878287518,0.01988307445807091,0.0228599878287518,0.0228599878287518,0.0228599878287518,0.0228599878287518,0.01988307445807091,0.0228599878287518,0.0228599878287518,0.0228599878287518,0.0228599878287518
2016-03-31,-0.0007466573988956649,-0.0007971238924655,-0.0007971238924655,-0.0007971238924655,-0.0007971238924655,-0.0007466573988956649,-0.0007971238924655,-0.0007971238924655,-0.0007971238924655,-0.0007971238924655,-0.003781993412068329,-0.00468094456585925,-0.0025853781686317073,-0.00468094456585925,-0.00468094456585925
2016-04-29,-0.003385921688453859,-0.004463194321723,-0.004463194321723,-0.004463194321723,-0.004463194321723,-0.00779158231086822,-0.01671445291501485,-0.005459054049328036,-0.008867513718251188,-0.0118967196360211,0.005467336823808801,0.014053898354859932,-0.002670837651287775,0.014053898354859932,0.014053898354859932
2016-05-31,-0.016724801249851352,-0.026664007539613947,-0.004826950489218003,-0.026664007539613947,-0.026664007539613947,-0.016724801249851352,-0.026664007539613947,-0.004826950489218003,-0.026664007539613947,-0.026664007539613947,-0.016724801249851352,-0.026664007539613947,-0.004826950489218003,-0.026664007539613947,-0.026664007539613947
2016-06-30,0.07602078129507465,0.0795177946201994,0.07226273444323414,0.0795177946201994,0.0795177946201994,0.04379174591719119,0.0501082105975627,0.0501082105975627,0.0501082105975627,0.0501082105975627,0.07602078129507465,0.0795177946201994,0.07226273444323414,0.0795177946201994,0.0795177946201994
2016-07-29,0.010206965834621886,0.014445755524904333,0.010595848903835133,0.010925629669999054,0.014445755524904333,0.010206965834621886,0.014445755524904333,0.010595848903835133,0.010925629669999054,0.014445755524904333,0.010206965834621886,0.014445755524904333,0.010595848903835133,0.010925629669999054,0.014445755524904333
2016-08-31,-0.01740477082257786,-0.0213488599411821,-0.0101345543732385,-0.0213488599411821,-0.0213488599411821,-0.01740477082257786,-0.0213488599411821,-0.0101345543732385,-0.0213488599411821,-0.0213488599411821,0.008624187830788724,0.009519169531834699,0.009519169531834699,0.009519169531834699,0.009519169531834699
2016-09-30,0.007173262806773851,0.011483752642747933,0.006905512065347234,0.011483752642747933,0.011483752642747933,-0.002698338271355417,0.0035255379444532,-0.004714204299578331,0.0035255379444532,0.0035255379444532,0.023643837746452796,0.02366009443864935,0.02366009443864935,0.02366009443864935,0.02366009443864935
2016-10-31,-0.0283686090544719,-0.027123914933003,-0.027123914933003,-0.027123914933003,-0.027123914933003,-0.021777591458728776,-0.0220106150538605,-0.0220106150538605,-0.0220106150538605,-0.0220106150538605,-0.011445710322959168,-0.01142466808798275,-0.01142466808798275,-0.01142466808798275,-0.01142466808798275
2016-11-30,0.036156172697827206,0.03323773719654745,0.03323773719654745,0.03323773719654745,0.03323773719654745,-0.06273259755852512,-0.0638616541514222,-0.0638616541514222,-0.0638616541514222,-0.0638616541514222,0.036156172697827206,0.03323773719654745,0.03323773719654745,0.03323773719654745,0.03323773719654745
2016-12-30,0.018842448226102197,0.02008325414653405,0.02008325414653405,0.02008325414653405,0.02008325414653405,0.011205765732980547,0.0159766357070162,0.006338028777357156,0.007998517735272248,0.0159766357070162,0.012604528679034326,0.013158727680965049,0.013158727680965049,0.013158727680965049,0.013158727680965049
2017-01-31,0.012450375785540684,0.010356255735370301,0.0178947567619138,0.010356255735370301,0.010356255735370301,0.012450375785540684,0.010356255735370301,0.0178947567619138,0.010356255735370301,0.010356255735370301,0.03539075063218485,0.034685179519751995,0.034685179519751995,0.034685179519751995,0.034685179519751995
2017-02-28,0.03245936290196356,0.03152576963562255,0.03152576963562255,0.03152576963562255,0.03152576963562255,0.018429734321496145,0.018354105785951348,0.018354105785951348,0.018354105785951348,0.018354105785951348,0.03262493750559792,0.030579178686161397,0.030579178686161397,0.030579178686161397,0.030579178686161397
2017-03-31,0.011035901258547708,0.0102645813881039,0.0102645813881039,0.0102645813881039,0.0102645813881039,0.011035901258547708,0.0102645813881039,0.0102645813881039,0.0102645813881039,0.0102645813881039,0.027248889861022328,0.02856033279496205,0.02856033279496205,0.02856033279496205,0.02856033279496205
2017-04-28,0.02006880509745547,0.0193813288408202,0.0193813288408202,0.0193813288408202,0.0193813288408202,0.02006880509745547,0.0193813288408202,0.0193813288408202,0.0193813288408202,0.0193813288408202,0.022362873209260656,0.0221397623112933,0.0221397623112933,0.0221397623112933,0.0221397623112933
2017-05-31,0.014232037524337476,0.00963448548031795,0.00963448548031795,0.00963448548031795,0.00963448548031795,0.014232037524337476,0.00963448548031795,0.00963448548031795,0.00963448548031795,0.00963448548031795,0.014232037524337476,0.00963448548031795,0.00963448548031795,0.00963448548031795,0.00963448548031795
2017-06-30,-0.0052319537421936235,-0.0084021934388565,-0.0084021934388565,-0.0084021934388565,-0.0084021934388565,-0.007820504675602373,-0.00695636850252575,-0.00695636850252575,-0.00695636850252575,-0.00695636850252575,-0.007820504675602373,-0.00695636850252575,-0.00695636850252575,-0.00695636850252575,-0.00695636850252575
2017-07-31,0.027478315439737583,0.024568879783820552,0.024568879783820552,0.024568879783820552,0.024568879783820552,0.027478315439737583,0.024568879783820552,0.024568879783820552,0.024568879783820552,0.024568879783820552,0.04910265732494837,0.04941981743930805,0.04941981743930805,0.04941981743930805,0.04941981743930805
2017-08-31,0.021954266343331634,0.022126042737893252,0.022126042737893252,0.022126042737893252,0.022126042737893252,0.021954266343331634,0.022126042737893252,0.022126042737893252,0.022126042737893252,0.022126042737893252,0.021954266343331634,0.022126042737893252,0.022126042737893252,0.022126042737893252,0.022126042737893252
2017-09-29,-0.001856702279856781,-0.0016992855519667,-0.0016992855519667,-0.0016992855519667,-0.0016992855519667,-0.001856702279856781,-0.0016992855519667,-0.0016992855519667,-0.0016992855519667,-0.0016992855519667,-0.001856702279856781,-0.0016992855519667,-0.0016992855519667,-0.0016992855519667,-0.0016992855519667
2017-10-31,0.04018368514384406,0.0394346114421281,0.0394346114421281,0.0394346114421281,0.0394346114421281,0.03170469035416787,0.0266764870818293,0.0266764870818293,0.0266764870818293,0.0266764870818293,0.04018368514384406,0.0394346114421281,0.0394346114421281,0.0394346114421281,0.0394346114421281
2017-11-30,0.009384585795560514,0.007913965185070199,0.007913965185070199,0.007913965185070199,0.007913965185070199,0.023483941603508363,0.024564689116872,0.024564689116872,0.024564689116872,0.024564689116872,0.009384585795560514,0.007913965185070199,0.007913965185070199,0.007913965185070199,0.007913965185070199
2017-12-29,0.021577622668361395,0.0218234344436967,0.0218234344436967,0.0218234344436967,0.0218234344436967,0.021577622668361395,0.0218234344436967,0.0218234344436967,0.0218234344436967,0.0218234344436967,0.021577622668361395,0.0218234344436967,0.0218234344436967,0.0218234344436967,0.0218234344436967
2018-01-31,0.08522619491371854,0.08527509700410095,0.08527509700410095,0.08527509700410095,0.08527509700410095,0.08522619491371854,0.08527509700410095,0.08527509700410095,0.08527509700410095,0.08527509700410095,0.08522619491371854,0.08527509700410095,0.08527509700410095,0.08527509700410095,0.08527509700410095
2018-02-28,-0.03753602993868108,-0.03595652010948655,-0.03595652010948655,-0.03595652010948655,-0.03595652010948655,-0.03753602993868108,-0.03595652010948655,-0.03595652010948655,-0.03595652010948655,-0.03595652010948655,-0.03753602993868108,-0.03595652010948655,-0.03595652010948655,-0.03595652010948655,-0.03595652010948655
2018-03-30,-0.019630716011068368,-0.017686781881837598,-0.017686781881837598,-0.017686781881837598,-0.017686781881837598,-0.019630716011068368,-0.017686781881837598,-0.017686781881837598,-0.017686781881837598,-0.017686781881837598,-0.019630716011068368,-0.017686781881837598,-0.017686781881837598,-0.017686781881837598,-0.017686781881837598
2018-04-30,-0.012274246238429043,-0.011958864154029964,-0.01193714538292147,-0.011958864154029964,-0.011958864154029964,-0.012274246238429043,-0.011958864154029964,-0.01193714538292147,-0.011958864154029964,-0.011958864154029964,-0.012274246238429043,-0.011958864154029964,-0.01193714538292147,-0.011958864154029964,-0.011958864154029964
2018-05-31,0.05950021740181917,0.05918274050246195,0.05918274050246195,0.05918274050246195,0.05918274050246195,0.016875019017641706,0.015257144115909851,0.015257144115909851,0.015257144115909851,0.015257144115909851,0.016875019017641706,0.015257144115909851,0.015257144115909851,0.015257144115909851,0.015257144115909851
2018-06-29,0.008500034409576666,0.0087970179094917,0.0087970179094917,0.0087970179094917,0.0087970179094917,0.008500034409576666,0.0087970179094917,0.0087970179094917,0.0087970179094917,0.0087970179094917,0.008500034409576666,0.0087970179094917,0.0087970179094917,0.0087970179094917,0.0087970179094917
2018-07-31,0.021718919234116264,0.0222273428624013,0.0222273428624013,0.0222273428624013,0.0222273428624013,0.021718919234116264,0.0222273428624013,0.0222273428624013,0.0222273428624013,0.0222273428624013,0.021718919234116264,0.0222273428624013,0.0222273428624013,0.0222273428624013,0.0222273428624013
2018-08-31,0.04985382494013521,0.0504563564530571,0.0504563564530571,0.0504563564530571,0.0504563564530571,0.04985382494013521,0.0504563564530571,0.0504563564530571,0.0504563564530571,0.0504563564530571,0.04985382494013521,0.0504563564530571,0.0504563564530571,0.0504563564530571,0.0504563564530571
2018-09-28,-0.01291067787953823,-0.012705717545089099,-0.012705717545089099,-0.012705717545089099,-0.012705717545089099,-0.01291067787953823,-0.012705717545089099,-0.012705717545089099,-0.012705717545089099,-0.012705717545089099,-0.01291067787953823,-0.012705717545089099,-0.012705717545089099,-0.012705717545089099,-0.012705717545089099
2018-10-31,-0.09953057530189978,-0.09791746745488444,-0.09791746745488444,-0.09791746745488444,-0.09791746745488444,-0.07627307590084041,-0.077530545885877,-0.077530545885877,-0.077530545885877,-0.077530545885877,-0.07627307590084041,-0.077530545885877,-0.077530545885877,-0.077530545885877,-0.077530545885877
2018-11-30,0.0133003649287457,0.0133003649287457,0.0133003649287457,0.0133003649287457,0.0133003649287457,0.0133003649287457,0.0133003649287457,0.0133003649287457,0.0133003649287457,0.0133003649287457,0.0133003649287457,0.0133003649287457,0.0133003649287457,0.0133003649287457,0.0133003649287457
2018-12-31,-0.0003828569504116322,-0.030002750625031896,-0.030002750625031896,-0.030002750625031896,-0.030002750625031896,-0.0003828569504116322,-0.030002750625031896,-0.030002750625031896,-0.030002750625031896,-0.030002750625031896,-0.0003828569504116322,-0.030002750625031896,-0.030002750625031896,-0.030002750625031896,-0.030002750625031896
2019-01-31,0.0056368863296581365,0.00515578376591505,0.00515578376591505,0.00515578376591505,0.00515578376591505,0.014555182860611093,0.0176960242760918,0.0176960242760918,0.0176960242760918,0.0176960242760918,0.014555182860611093,0.0176960242760918,0.0176960242760918,0.0176960242760918,0.0176960242760918
2019-02-28,-0.00786888745272731,-0.009509373731331601,-0.009509373731331601,-0.009509373731331601,-0.009509373731331601,-0.00786888745272731,-0.009509373731331601,-0.009509373731331601,-0.009509373731331601,-0.009509373731331601,-0.00553257068197608,-0.00567375885316935,-0.00567375885316935,-0.00567375885316935,-0.00567375885316935
2019-03-29,0.03566505151452831,0.0411339664067689,0.0411339664067689,0.0411339664067689,0.0411339664067689,0.03566505151452831,0.0411339664067689,0.0411339664067689,0.0411339664067689,0.0411339664067689,0.012458493010026758,0.0052912965820987,0.0052912965820987,0.0052912965820987,0.0052912965820987
2019-04-30,-0.00980586113626249,-0.012547994687992649,-0.012547994687992649,-0.012547994687992649,-0.012547994687992649,0.04736773559823863,0.04792230786882875,0.04792230786882875,0.04792230786882875,0.04792230786882875,0.006780795211993323,0.017540798401359498,-0.0025936641206396535,0.017540798401359498,0.017540798401359498
2019-05-31,0.02603430337765735,0.02403001172657645,0.02403001172657645,0.02403001172657645,0.02403001172657645,-0.07226200359866686,-0.07301145008697199,-0.07301145008697199,-0.07301145008697199,-0.07301145008697199,0.015671418277389312,-0.006929785454620203,0.03262040770087961,-0.006929785454620203,-0.006929785454620203
2019-06-28,0.011374578713811881,0.01083627709366285,0.01083627709366285,0.01083627709366285,0.01083627709366285,0.011374578713811881,0.01083627709366285,0.01083627709366285,0.01083627709366285,0.01083627709366285,0.011374578713811881,0.01083627709366285,0.01083627709366285,0.01083627709366285,0.01083627709366285
2019-07-31,0.0007944405592150043,0.0010075387110159428,0.0010075387110159428,0.0010075387110159428,0.0010075387110159428,0.0007944405592150043,0.0010075387110159428,0.0010075387110159428,0.0010075387110159428,0.0010075387110159428,0.011553427273769169,0.0109679887176584,0.0151190970700216,0.014512748777005221,0.0109679887176584
2019-08-30,0.0937604530246963,0.0948068668762708,0.0948068668762708,0.0948068668762708,0.0948068668762708,0.0937604530246963,0.0948068668762708,0.0948068668762708,0.0948068668762708,0.0948068668762708,0.02773701105002844,0.011386943476913101,0.032156816624640205,0.027423647375950926,0.021620972726557136
2019-09-30,-0.03088242057978336,-0.0303731936078943,-0.0303731936078943,-0.0303731936078943,-0.0303731936078943,-0.03088242057978336,-0.0303731936078943,-0.0303731936078943,-0.0303731936078943,-0.0303731936078943,-0.03088242057978336,-0.0303731936078943,-0.0303731936078943,-0.0303731936078943,-0.0303731936078943
2019-10-31,0.011754277360640858,0.0163343467191214,0.009844371001609311,0.0163343467191214,0.0163343467191214,0.009090687433855136,0.007251692088602749,0.007251692088602749,0.007251692088602749,0.007251692088602749,-0.0017168433185526626,-0.004626632849520151,0.0018788198707617,-0.004626632849520151,-0.004626632849520151
2019-11-29,0.015326431126504511,0.0183113920829653,0.0183113920829653,0.0183113920829653,0.0183113920829653,-0.019218794033866286,-0.01807856842286125,-0.01807856842286125,-0.01807856842286125,-0.01807856842286125,-0.003427197706511377,0.004304077612940851,-0.009269404201332314,0.004304077612940851,0.004304077612940851
2019-12-31,-0.0010807666036283595,0.0034440841683844488,0.0034440841683844488,0.0034440841683844488,0.0034440841683844488,-0.0010807666036283595,0.0034440841683844488,0.0034440841683844488,0.0034440841683844488,0.0034440841683844488,0.002122111283782229,0.014791412497817898,-0.00023615551315645574,0.0038943270623781456,0.007264152813437967
2020-01-31,0.038313653305681414,0.03769048650321325,0.03769048650321325,0.03769048650321325,0.03769048650321325,0.013536848580729533,0.014990336865071,0.014990336865071,0.014990336865071,0.014990336865071,-0.012849727293085176,-0.015563403249546399,-0.015563403249546399,-0.015563403249546399,-0.015563403249546399
2020-02-28,-0.03280991120156439,-0.03346803935288265,-0.03346803935288265,-0.03346803935288265,-0.03346803935288265,-0.001902949830042057,0.00284526226699635,0.00284526226699635,0.00284526226699635,0.00284526226699635,-0.07081921818182733,-0.06987006305301245,-0.06987006305301245,-0.06987006305301245,-0.06987006305301245
2020-03-31,0.027254045359655036,0.030771165200207503,0.030771165200207503,0.030771165200207503,0.030771165200207503,-0.0050716290499837405,-0.004546094666549247,-0.004546094666549247,-0.004546094666549247,-0.004546094666549247,0.00546676352487396,-0.017815927755655797,0.011044106762158067,-0.017815927755655797,-0.017815927755655797
2020-04-30,0.005519789618071264,0.007470958661494,0.0027526259390009,0.0027526259390009008,0.007470958661494,0.046104549546203216,0.0423999472063807,0.0423999472063807,0.0423999472063807,0.0423999472063807,0.005519789618071264,0.007470958661494,0.0027526259390009,0.0027526259390009008,0.007470958661494
2020-05-29,0.016944152484186945,0.02419501516180075,0.014891381914911241,0.02419501516180075,0.01999762320703182,0.005726922035232894,0.00413141335399685,0.00413141335399685,0.00413141335399685,0.00413141335399685,-0.0029097155042632308,-0.0071721746522188,0.0032744394243895,0.0032744394243895,-0.0071721746522188
2020-06-30,0.02933580770592039,0.03311657972881595,0.028158891562137463,0.03311657972881595,0.03311657972881595,0.041619027756091546,0.04512183358694085,0.033466581417712866,0.04512183358694085,0.04512183358694085,0.02933580770592039,0.03311657972881595,0.028158891562137463,0.03311657972881595,0.03311657972881595
2020-07-31,0.094817089982556,0.09068517074923174,0.10282494780013227,0.09068517074923174,0.09068517074923174,0.094817089982556,0.09068517074923174,0.10282494780013227,0.09068517074923174,0.09068517074923174,0.0571867148988702,0.0589084467861518,0.0589084467861518,0.0589084467861518,0.0589084467861518
2020-08-31,0.04383355631879591,0.053105685949806344,0.02159732448128192,0.053105685949806344,0.053105685949806344,0.04383355631879591,0.053105685949806344,0.02159732448128192,0.053105685949806344,0.053105685949806344,0.04383355631879591,0.053105685949806344,0.02159732448128192,0.053105685949806344,0.053105685949806344
2020-09-30,-0.01795942993640552,-0.0320742785870941,-0.011412366440538462,-0.01771495272908789,-0.0320742785870941,-0.01795942993640552,-0.0320742785870941,-0.011412366440538462,-0.01771495272908789,-0.0320742785870941,-0.014799210428607296,-0.030650707634745866,-0.0060864615816184665,-0.011817587878249106,-0.030650707634745866
2020-10-30,-0.01485509151332563,-0.01782171186015255,-0.0061720783845123865,-0.012952009352485505,-0.01782171186015255,-0.01485509151332563,-0.01782171186015255,-0.0061720783845123865,-0.012952009352485505,-0.01782171186015255,-0.011965755044369095,-0.007408839105970301,-0.01651071284861011,-0.013985215039023878,-0.013684231759399583
2020-11-30,0.008739592846844203,0.029085731247293002,-0.05213487282946757,-0.01203049380182913,0.029085731247293002,0.008739592846844203,0.029085731247293002,-0.05213487282946757,-0.01203049380182913,0.029085731247293002,0.14335639776645004,0.1473497245156819,0.1122577221106759,0.1473497245156819,0.1473497245156819
2020-12-31,0.016746339012779728,0.044368035311907195,0.007339668801028982,0.01438672657475679,0.026025126880310348,0.060252381414169845,0.060159572385141545,0.060159572385141545,0.060159572385141545,0.060159572385141545,0.016746339012779728,0.044368035311907195,0.007339668801028982,0.01438672657475679,0.026025126880310348
2021-01-29,0.03861300676862957,0.0400971774900067,0.031739880218257105,0.03735147283630165,0.0393328029786104,-0.018623562405094902,-0.014812278844738349,-0.02599811160884301,-0.01955451562577344,-0.014812278844738349,-0.0018778146490315462,0.013382440865962866,-0.004491616822230207,-0.004613496497938635,0.0032404267976955765
2021-02-26,0.029519876808249135,0.0349519649805567,0.0078784538348386,0.02830338450560685,0.03277600410196541,0.025369024510648725,0.0303451675728423,-0.0013351409805901966,0.01969533386571132,0.027458790594816238,0.025369024510648725,0.0303451675728423,-0.0013351409805901966,0.01969533386571132,0.027458790594816238
2021-03-31,0.001354838550728374,0.00334592686680315,-0.00725867508415,0.00334592686680315,0.00334592686680315,0.01581523165812731,0.0155590698958105,0.0171676109738647,0.0155590698958105,0.0155590698958105,0.01581523165812731,0.0155590698958105,0.0171676109738647,0.0155590698958105,0.0155590698958105
2021-04-30,0.0366249938502008,0.0353941677745677,0.0353941677745677,0.0353941677745677,0.0353941677745677,0.03763933436394559,0.038488397830760704,0.038488397830760704,0.038488397830760704,0.038488397830760704,0.02914534276075196,0.03554864818840005,0.011998661984147,0.01725282661662938,0.03554864818840005
2021-05-31,0.004857066229423023,0.00463947468480535,0.00463947468480535,0.00463947468480535,0.00463947468480535,-0.004586814252386727,-0.00465001813132025,-0.00465001813132025,-0.00465001813132025,-0.00465001813132025,0.005238834996300281,0.0022374255972369504,0.0164875061499356,0.0022374255972369504,0.0022374255972369504
2021-06-30,0.013137934285823693,0.01409678240131125,0.009503954114628602,0.01409678240131125,0.01409678240131125,0.013137934285823693,0.01409678240131125,0.009503954114628602,0.01409678240131125,0.01409678240131125,0.03034911594908723,0.03606269561515345,0.009503954114628604,0.03606269561515345,0.03606269561515345
2021-07-30,-0.002112725733749196,-0.005930508832599999,-0.005930508832599999,-0.005930508832599999,-0.005930508832599999,-0.003913551939625191,-0.0038319718868708493,-0.0038319718868708493,-0.0038319718868708493,-0.0038319718868708493,-0.02849871178198544,-0.0178802181563575,-0.0643697988103252,-0.0178802181563575,-0.0178802181563575
2021-08-31,0.032643548888624516,0.0321089271887254,0.0321089271887254,0.0321089271887254,0.0321089271887254,0.032643548888624516,0.0321089271887254,0.0321089271887254,0.0321089271887254,0.0321089271887254,0.03519282532085707,0.03597322115897355,0.03597322115897355,0.03597322115897355,0.03597322115897355
2021-09-30,-0.051251759840302794,-0.05171842503869795,-0.05171842503869795,-0.05171842503869795,-0.05171842503869795,-0.03951652466043878,-0.0377046137035179,-0.0466055362878787,-0.0377046137035179,-0.0377046137035179,-0.051251759840302794,-0.05171842503869795,-0.05171842503869795,-0.05171842503869795,-0.05171842503869795
2021-10-29,0.07409607292607209,0.07440179539245856,0.07440179539245856,0.07440179539245856,0.07440179539245856,0.07409607292607209,0.07440179539245856,0.07440179539245856,0.07440179539245856,0.07440179539245856,0.04764231820819363,0.05164488197331735,0.05164488197331735,0.05164488197331735,0.05164488197331735
2021-11-30,0.004902401576459578,0.005966694498675099,0.005966694498675099,0.005966694498675099,0.005966694498675099,-0.0013549992017434349,-0.013479400975896266,0.005990488352995526,-0.013479400975896266,-0.013479400975896266,0.004902401576459578,0.005966694498675099,0.005966694498675099,0.005966694498675099,0.005966694498675099
2021-12-31,0.030412576239051223,0.028885649136330998,0.028885649136330998,0.028885649136330998,0.028885649136330998,0.030412576239051223,0.028885649136330998,0.028885649136330998,0.028885649136330998,0.028885649136330998,0.030412576239051223,0.028885649136330998,0.028885649136330998,0.028885649136330998,0.028885649136330998
2022-01-31,-0.06888405245712584,-0.07010576207883609,-0.07010576207883609,-0.07010576207883609,-0.07010576207883609,-0.06888405245712584,-0.07010576207883609,-0.07010576207883609,-0.07010576207883609,-0.07010576207883609,-0.06888405245712584,-0.07010576207883609,-0.07010576207883609,-0.07010576207883609,-0.07010576207883609
2022-02-28,-0.0295168471114187,-0.0295168471114187,-0.0295168471114187,-0.0295168471114187,-0.0295168471114187,-0.0295168471114187,-0.0295168471114187,-0.0295168471114187,-0.0295168471114187,-0.0295168471114187,-0.0295168471114187,-0.0295168471114187,-0.0295168471114187,-0.0295168471114187,-0.0295168471114187
2022-03-31,0.0127255799503041,0.0127255799503041,0.0127255799503041,0.0127255799503041,0.0127255799503041,0.0127255799503041,0.0127255799503041,0.0127255799503041,0.0127255799503041,0.0127255799503041,0.0127255799503041,0.0127255799503041,0.0127255799503041,0.0127255799503041,0.0127255799503041
2022-04-29,-0.05462930976656018,-0.05423602403634635,-0.05423602403634635,-0.05423602403634635,-0.05423602403634635,-0.05462930976656018,-0.05423602403634635,-0.05423602403634635,-0.05423602403634635,-0.05423602403634635,-0.05462930976656018,-0.05423602403634635,-0.05423602403634635,-0.05423602403634635,-0.05423602403634635
2022-05-31,-0.0326154776610677,-0.0326154776610677,-0.0326154776610677,-0.0326154776610677,-0.0326154776610677,-0.0326154776610677,-0.0326154776610677,-0.0326154776610677,-0.0326154776610677,-0.0326154776610677,-0.0326154776610677,-0.0326154776610677,-0.0326154776610677,-0.0326154776610677,-0.0326154776610677
2022-06-30,-0.0086342695992924,-0.0086342695992924,-0.0086342695992924,-0.0086342695992924,-0.0086342695992924,-0.0086342695992924,-0.0086342695992924,-0.0086342695992924,-0.0086342695992924,-0.0086342695992924,-0.0086342695992924,-0.0086342695992924,-0.0086342695992924,-0.0086342695992924,-0.0086342695992924
2022-07-29,0.0296146733338107,0.0296146733338107,0.0296146733338107,0.0296146733338107,0.0296146733338107,0.0296146733338107,0.0296146733338107,0.0296146733338107,0.0296146733338107,0.0296146733338107,0.0296146733338107,0.0296146733338107,0.0296146733338107,0.0296146733338107,0.0296146733338107
2022-08-31,-0.0385386179508767,-0.0385386179508767,-0.0385386179508767,-0.0385386179508767,-0.0385386179508767,-0.0385386179508767,-0.0385386179508767,-0.0385386179508767,-0.0385386179508767,-0.0385386179508767,-0.0385386179508767,-0.0385386179508767,-0.0385386179508767,-0.0385386179508767,-0.0385386179508767
2022-09-30,-0.0473496138279123,-0.0473496138279123,-0.0473496138279123,-0.0473496138279123,-0.0473496138279123,-0.0473496138279123,-0.0473496138279123,-0.0473496138279123,-0.0473496138279123,-0.0473496138279123,-0.0473496138279123,-0.0473496138279123,-0.0473496138279123,-0.0473496138279123,-0.0473496138279123
2022-10-31,-0.0145400734240116,-0.0145400734240116,-0.0145400734240116,-0.0145400734240116,-0.0145400734240116,-0.0145400734240116,-0.0145400734240116,-0.0145400734240116,-0.0145400734240116,-0.0145400734240116,-0.0145400734240116,-0.0145400734240116,-0.0145400734240116,-0.0145400734240116,-0.0145400734240116
2022-11-30,0.0361225497568624,0.0361225497568624,0.0361225497568624,0.0361225497568624,0.0361225497568624,0.0361225497568624,0.0361225497568624,0.0361225497568624,0.0361225497568624,0.0361225497568624,0.0361225497568624,0.0361225497568624,0.0361225497568624,0.0361225497568624,0.0361225497568624
2022-12-30,-0.03814371764858424,-0.037878657779433,-0.037878657779433,-0.037878657779433,-0.037878657779433,-0.03814371764858424,-0.037878657779433,-0.037878657779433,-0.037878657779433,-0.037878657779433,-0.040891051804052406,-0.04163515262650525,-0.04163515262650525,-0.04163515262650525,-0.04163515262650525
2023-01-31,0.06948756049135411,0.0738146974744948,0.06026387170330346,0.0738146974744948,0.0738146974744948,0.06948756049135411,0.0738146974744948,0.06026387170330346,0.0738146974744948,0.0738146974744948,0.06948756049135411,0.0738146974744948,0.06026387170330346,0.0738146974744948,0.0738146974744948
2023-02-28,-0.024177476155012877,-0.0239909081637841,-0.0239909081637841,-0.0239909081637841,-0.0239909081637841,-0.0370113707200437,-0.034539325525114996,-0.0430838902402335,-0.04185333719769102,-0.03738287080635251,-0.04529376680546203,-0.0422118756060625,-0.052985498361944404,-0.04689797114168035,-0.04399783792221215
2023-03-31,-0.0074334201715990575,-0.008591450060004002,-0.008591450060004002,-0.008591450060004002,-0.008591450060004002,0.061794699259679786,0.055225895514152204,0.0791612824716614,0.0675553098348421,0.059372693063217234,0.03455782353491794,0.015343936897505201,0.05962023153919057,0.040468508019150196,0.027196895955508685
2023-04-28,0.016805476460775168,0.0189930201922279,0.00909579513474054,0.014290283162268727,0.0189930201922279,0.016805476460775168,0.0189930201922279,0.00909579513474054,0.014290283162268727,0.0189930201922279,0.011631543845273831,0.012299294241219852,0.010254129326326484,0.011240782853730263,0.012299294241219852
2023-05-31,-0.024139866006736753,-0.026745315305814348,-0.014947811212986618,-0.02163002132287618,-0.026745315305814348,-0.024139866006736753,-0.026745315305814348,-0.014947811212986618,-0.02163002132287618,-0.026745315305814348,-0.005752749910359746,-0.0044018796763639,-0.00847651144268294,-0.0044018796763639,-0.0044018796763639
2023-06-30,0.00834517977034484,0.02041238281965365,-0.012640371474543069,-0.00029650866838596204,0.011795655384515274,0.00834517977034484,0.02041238281965365,-0.012640371474543069,-0.00029650866838596204,0.011795655384515274,0.00834517977034484,0.02041238281965365,-0.012640371474543069,-0.00029650866838596204,0.011795655384515274
2023-07-31,0.03237511550662003,0.032817700826395846,0.030080155047026717,0.032817700826395846,0.032817700826395846,0.035298925258855265,0.0356670925803194,0.0327332364381103,0.03387711051245741,0.0356670925803194,0.035298925258855265,0.0356670925803194,0.0327332364381103,0.03387711051245741,0.0356670925803194
2023-08-31,-0.02757478661263278,-0.027090000152779202,-0.027090000152779202,-0.027090000152779202,-0.027090000152779202,-0.02757478661263278,-0.027090000152779202,-0.027090000152779202,-0.027090000152779202,-0.027090000152779202,-0.015627753634512145,-0.015541001994613349,-0.0162519310172231,-0.015541001994613349,-0.015541001994613349
2023-09-29,-0.04891656405270356,-0.049116582558945854,-0.0474345485119671,-0.049116582558945854,-0.049116582558945854,-0.0433814844488675,-0.04364343570389475,-0.04364343570389475,-0.04364343570389475,-0.04364343570389475,-0.04891656405270356,-0.049116582558945854,-0.0474345485119671,-0.049116582558945854,-0.049116582558945854
2023-10-31,-0.021248410500555308,-0.02118170496393065,-0.02118170496393065,-0.02118170496393065,-0.02118170496393065,-0.021248410500555308,-0.02118170496393065,-0.02118170496393065,-0.02118170496393065,-0.02118170496393065,-0.021248410500555308,-0.02118170496393065,-0.02118170496393065,-0.02118170496393065,-0.02118170496393065
2023-11-30,0.06216201141949984,0.0667509007756268,0.0667509007756268,0.0667509007756268,0.0667509007756268,0.06216201141949984,0.0667509007756268,0.0667509007756268,0.0667509007756268,0.0667509007756268,0.06216201141949984,0.0667509007756268,0.0667509007756268,0.0667509007756268,0.0667509007756268
2023-12-29,0.049941972898094544,0.05076247935188555,0.0456551783824956,0.04622302596309363,0.05076247935188555,0.049941972898094544,0.05076247935188555,0.0456551783824956,0.04622302596309363,0.05076247935188555,0.049941972898094544,0.05076247935188555,0.0456551783824956,0.04622302596309363,0.05076247935188555
2024-01-31,0.01692253743488621,0.01705929200706835,0.01705929200706835,0.01705929200706835,0.01705929200706835,0.01692253743488621,0.01705929200706835,0.01705929200706835,0.01705929200706835,0.01705929200706835,0.006194154741626637,0.006839918589085699,0.006839918589085699,0.006839918589085699,0.006839918589085699
2024-02-29,0.05247584962196941,0.052510210693414855,0.052510210693414855,0.052510210693414855,0.052510210693414855,0.05247584962196941,0.052510210693414855,0.052510210693414855,0.052510210693414855,0.052510210693414855,0.040409490614092845,0.0413481248021143,0.0413481248021143,0.0413481248021143,0.0413481248021143
2024-03-29,0.02382959799448913,0.02272574812879955,0.02272574812879955,0.02272574812879955,0.02272574812879955,0.02382959799448913,0.02272574812879955,0.02272574812879955,0.02272574812879955,0.02272574812879955,0.02382959799448913,0.02272574812879955,0.02272574812879955,0.02272574812879955,0.02272574812879955
2024-04-30,-0.041897396017194374,-0.0420286786652311,-0.0420286786652311,-0.0420286786652311,-0.0420286786652311,-0.041897396017194374,-0.0420286786652311,-0.0420286786652311,-0.0420286786652311,-0.0420286786652311,-0.041897396017194374,-0.0420286786652311,-0.0420286786652311,-0.0420286786652311,-0.0420286786652311
2024-05-31,0.036049180814215306,0.0388536947074862,0.0388536947074862,0.0388536947074862,0.0388536947074862,0.05565069572766529,0.05604894447988035,0.05604894447988035,0.05604894447988035,0.05604894447988035,0.05565069572766529,0.05604894447988035,0.05604894447988035,0.05604894447988035,0.05604894447988035
2024-06-28,0.027723797819321615,0.03167714633502565,0.03167714633502565,0.03167714633502565,0.03167714633502565,0.04926435997514937,0.0499906671640876,0.0499906671640876,0.0499906671640876,0.0499906671640876,0.04926435997514937,0.0499906671640876,0.0499906671640876,0.0499906671640876,0.0499906671640876
2024-07-31,-0.0012958768401446445,-0.0023359371794580506,-0.0023359371794580506,-0.0023359371794580506,-0.0023359371794580506,-0.0012958768401446445,-0.0023359371794580506,-0.0023359371794580506,-0.0023359371794580506,-0.0023359371794580506,-0.0012958768401446445,-0.0023359371794580506,-0.0023359371794580506,-0.0023359371794580506,-0.0023359371794580506
2024-08-30,0.010958573455632522,0.006645884614035066,0.017447606445345442,0.017449643419830532,0.011132596651410694,0.016620590379840986,0.01598055072008045,0.01598055072008045,0.01598055072008045,0.01598055072008045,0.016620590379840986,0.01598055072008045,0.01598055072008045,0.01598055072008045,0.01598055072008045
2024-09-30,0.03663733002848134,0.0359465882387254,0.0359465882387254,0.0359465882387254,0.0359465882387254,0.04023351694599123,0.0385522384330976,0.0385522384330976,0.0385522384330976,0.0385522384330976,0.04023351694599123,0.0385522384330976,0.0385522384330976,0.0385522384330976,0.0385522384330976
2024-10-31,0.018582758385411825,0.0170349644017377,0.0170349644017377,0.0170349644017377,0.0170349644017377,0.021553134590924505,0.01717358377721975,0.01717358377721975,0.01717358377721975,0.01717358377721975,-0.020870877384261306,-0.0196959933431029,-0.0196959933431029,-0.0196959933431029,-0.0196959933431029
2024-11-29,0.010258155005220454,0.014196078622008449,0.014196078622008449,0.014196078622008449,0.014196078622008449,0.05693766375477635,0.0565708963359078,0.0565708963359078,0.0565708963359078,0.0565708963359078,0.009444686429686707,0.0133682363663844,0.0133682363663844,0.0133682363663844,0.0133682363663844
2024-12-31,-0.03808158144649459,-0.0489137125512941,-0.030470049925839217,-0.0489137125512941,-0.0489137125512941,-0.042829727131145495,-0.05389956019807195,-0.024060182229797705,-0.02966341990369596,-0.05389956019807195,-0.027317439580731163,-0.0395992950487519,-0.0015032135670074382,-0.02175187983395404,-0.0395992950487519
2025-01-31,0.024366707311540087,0.02424521304285485,0.02424521304285485,0.02424521304285485,0.02424521304285485,0.044628360310791676,0.0447450483727116,0.0447450483727116,0.0447450483727116,0.0447450483727116,0.044628360310791676,0.0447450483727116,0.0447450483727116,0.0447450483727116,0.0447450483727116
2025-02-28,-0.004735236594157005,-0.0044092320299076,-0.0044092320299076,-0.0044092320299076,-0.0044092320299076,0.00183391434368516,0.0027607024214542997,0.0027607024214542997,0.0027607024214542997,0.0027607024214542997,-0.004735236594157005,-0.0044092320299076,-0.0044092320299076,-0.0044092320299076,-0.0044092320299076
2025-03-31,0.010011204770477615,0.014055346948153934,0.014055346948153934,0.014055346948153934,0.014055346948153934,0.010011204770477615,0.014055346948153934,0.014055346948153934,0.014055346948153934,0.014055346948153934,0.0069603588637131945,0.007341121129130903,0.007341121129130903,0.007341121129130903,0.007341121129130903
2025-04-30,0.027043380993005506,0.0324027898552491,0.0324027898552491,0.0324027898552491,0.0324027898552491,0.022922662850812014,0.02780868753328855,0.02780868753328855,0.02780868753328855,0.02780868753328855,0.022922662850812014,0.02780868753328855,0.02780868753328855,0.02780868753328855,0.02780868753328855
2025-05-30,0.025043057586255114,0.02367299956768245,0.02367299956768245,0.02367299956768245,0.02367299956768245,0.025043057586255114,0.02367299956768245,0.02367299956768245,0.02367299956768245,0.02367299956768245,-0.008401665264247874,-0.00647782267829925,-0.00647782267829925,-0.00647782267829925,-0.00647782267829925
2025-06-30,0.031287137139306705,0.033954908560615504,0.033954908560615504,0.033954908560615504,0.033954908560615504,0.031287137139306705,0.033954908560615504,0.033954908560615504,0.033954908560615504,0.033954908560615504,0.031287137139306705,0.033954908560615504,0.033954908560615504,0.033954908560615504,0.033954908560615504
2025-07-31,0.0076341034854154,0.009051141220429949,0.009051141220429949,0.009051141220429949,0.009051141220429949,-0.014170170576852084,-0.01352708973213235,-0.01352708973213235,-0.01352708973213235,-0.01352708973213235,0.0007875423033973429,0.00024945157566859995,0.00024945157566859995,0.00024945157566859995,0.00024945157566859995
2025-08-29,0.04738939873163398,0.04756075037250655,0.04756075037250655,0.04756075037250655,0.04756075037250655,0.031219220563885514,0.029707139254905448,0.029707139254905448,0.029707139254905448,0.029707139254905448,0.019579055583746202,0.01815532391824995,0.01815532391824995,0.01815532391824995,0.01815532391824995
2025-09-30,0.06585988134762327,0.0691222028019059,0.0691222028019059,0.0691222028019059,0.0691222028019059,0.08780586318067056,0.0856732035421332,0.0856732035421332,0.0856732035421332,0.0856732035421332,0.08780586318067056,0.0856732035421332,0.0856732035421332,0.0856732035421332,0.0856732035421332
2025-10-31,0.03558309019107629,0.03558358214861285,0.03558358214861285,0.03558358214861285,0.03558358214861285,0.0417694953451231,0.04169527561315575,0.04169527561315575,0.04169527561315575,0.04169527561315575,0.021485065898584496,0.020742487740948598,0.0238374584747524,0.0238374584747524,0.020742487740948598
2025-11-28,0.010685683867780618,0.017978348269336503,0.017978348269336503,0.017978348269336503,0.017978348269336503,0.01858000746150871,0.01903390819658725,0.01903390819658725,0.01903390819658725,0.01903390819658725,-0.016868257986983062,-0.01666591920430735,-0.01666591920430735,-0.01666591920430735,-0.01666591920430735
2025-12-31,0.008088606079181649,0.0075171154269666005,0.0075171154269666005,0.0075171154269666005,0.0075171154269666005,0.0216509495819931,0.021663256077533048,0.021663256077533048,0.021663256077533048,0.021663256077533048,0.0216509495819931,0.021663256077533048,0.021663256077533048,0.021663256077533048,0.021663256077533048
2026-01-30,0.07210613568103927,0.06751936429433496,0.06751936429433496,0.06751936429433496,0.06751936429433496,0.09755941790059577,0.101486752327209,0.101486752327209,0.101486752327209,0.101486752327209,0.09755941790059577,0.101486752327209,0.101486752327209,0.101486752327209,0.101486752327209
2026-02-27,0.07046894896624947,0.0730420431524471,0.0730420431524471,0.0730420431524471,0.0730420431524471,0.07046894896624947,0.0730420431524471,0.0730420431524471,0.0730420431524471,0.0730420431524471,0.07046894896624947,0.0730420431524471,0.0730420431524471,0.0730420431524471,0.0730420431524471
